Id,ActivityDate,TotalSteps,Calories,VeryActiveMinutes,FairlyActiveMinutes,LightlyActiveMinutes,SedentaryMinutes,day_type
2347167796,2016-03-29,10272,2041,2,58,208,700,Weekday
6962181067,2016-03-30,15491,2244,18,77,272,641,Weekday
6775888955,2016-04-01,7225,3065,25,50,163,1189,Weekday
2891001357,2016-04-01,0,4562,0,660,0,780,Weekday
1644430081,2016-04-02,20237,4029,34,141,347,918,Weekend
6290855005,2016-04-02,9548,3119,25,107,113,1195,Weekend
4702921684,2016-04-03,12116,3357,3,57,323,471,Weekend
4319703577,2016-04-04,10067,2308,5,39,313,578,Weekday
3977333714,2016-04-04,11943,1648,16,43,297,710,Weekday
6775888955,2016-04-05,9348,4286,56,133,240,1011,Weekday
5577150313,2016-04-06,11080,3765,83,52,190,695,Weekday
6775888955,2016-04-06,11761,3920,24,99,300,550,Weekday
3977333714,2016-04-07,8422,1431,0,81,139,815,Weekday
5553957443,2016-04-07,15444,2249,51,39,243,731,Weekday
6775888955,2016-04-07,13987,3856,46,114,250,739,Weekday
1644430081,2016-04-07,11166,3202,3,58,230,1149,Weekday
2022484408,2016-04-07,18247,3021,72,62,252,1054,Weekday
3977333714,2016-04-08,10226,1524,0,101,174,685,Weekday
1644430081,2016-04-08,7842,2928,7,43,161,1229,Weekday
7086361926,2016-04-08,9634,2752,50,48,140,797,Weekday
4057192912,2016-04-08,8426,2360,2,120,25,1293,Weekday
4702921684,2016-04-09,14002,3597,8,56,381,407,Weekend
1644430081,2016-04-09,13840,3290,18,81,192,1149,Weekend
5577150313,2016-04-09,10494,3817,123,62,138,601,Weekend
2347167796,2016-04-11,10001,2009,5,52,196,788,Weekday
2347167796,2016-04-14,10129,2010,1,48,206,705,Weekday
1644430081,2016-04-14,11037,3226,5,58,252,1125,Weekday
5577150313,2016-04-15,12087,4005,115,54,199,695,Weekday
5577150313,2016-04-16,14269,4274,184,56,158,472,Weekend
3977333714,2016-04-16,13459,1625,31,83,153,663,Weekend
2347167796,2016-04-16,22244,2670,66,72,268,968,Weekend
3977333714,2016-04-17,10415,1529,11,58,205,600,Weekend
4702921684,2016-04-17,12692,3394,12,66,302,437,Weekend
3977333714,2016-04-18,11663,1584,4,95,214,605,Weekday
7086361926,2016-04-19,10688,2944,67,69,124,671,Weekday
1644430081,2016-04-19,11256,3300,5,58,278,1099,Weekday
3977333714,2016-04-19,12414,1638,19,67,221,738,Weekday
6775888955,2016-04-20,10771,3727,70,113,178,1079,Weekday
2022484408,2016-04-20,15112,2897,48,63,276,1053,Weekday
2347167796,2016-04-20,10999,2198,11,43,269,1011,Weekday
3977333714,2016-04-20,11658,1554,2,98,164,845,Weekday
5577150313,2016-04-21,10830,4018,110,74,175,670,Weekday
2022484408,2016-04-21,12453,3158,104,53,255,1028,Weekday
7086361926,2016-04-22,9753,2846,58,59,153,762,Weekday
7007744171,2016-04-22,15299,2889,64,50,261,1065,Weekday
8583815059,2016-04-22,8687,2944,4,54,212,1170,Weekday
3977333714,2016-04-23,12058,1638,0,92,252,724,Weekend
8583815059,2016-04-23,9423,3012,7,44,238,1151,Weekend
4702921684,2016-04-23,15126,3691,9,66,408,469,Weekend
5577150313,2016-04-24,15764,4392,210,65,141,425,Weekend
4702921684,2016-04-24,15050,3538,15,95,281,542,Weekend
3977333714,2016-04-24,14112,1655,30,95,129,660,Weekend
8583815059,2016-04-24,8286,2889,2,44,206,1188,Weekend
8253242879,2016-04-25,6829,1909,7,54,118,1261,Weekday
7086361926,2016-04-25,10091,2752,69,39,129,706,Weekday
3977333714,2016-04-26,11388,1551,7,95,170,797,Weekday
8583815059,2016-04-26,10499,3093,1,91,214,1134,Weekday
4319703577,2016-04-27,10780,2324,6,47,300,680,Weekday
4388161847,2016-04-27,11193,3074,11,48,241,684,Weekday
7086361926,2016-04-28,11584,2862,54,48,161,810,Weekday
1644430081,2016-04-28,9405,3108,3,53,227,1157,Weekday
2022484408,2016-04-29,10245,2611,21,40,281,1098,Weekday
8583815059,2016-04-29,15168,3513,46,67,258,1069,Weekday
3977333714,2016-04-30,13238,1650,43,52,194,687,Weekend
4388161847,2016-04-30,12533,3283,14,43,300,537,Weekend
1644430081,2016-04-30,18213,3846,9,71,402,816,Weekend
3977333714,2016-05-01,10414,1501,41,40,124,691,Weekend
1624580081,2016-05-01,36019,2690,186,63,171,1020,Weekend
6290855005,2016-05-01,9837,3327,8,95,282,1055,Weekend
5577150313,2016-05-01,13368,4546,194,72,178,499,Weekend
6962181067,2016-05-02,12912,2162,18,39,313,655,Weekday
4702921684,2016-05-02,7245,2859,5,40,195,1131,Weekday
3977333714,2016-05-02,16520,1760,24,143,176,713,Weekday
1644430081,2016-05-03,12850,3324,10,94,221,1115,Weekday
3977333714,2016-05-04,13559,1628,14,96,142,852,Weekday
4388161847,2016-05-05,9603,2899,12,39,199,896,Weekday
3977333714,2016-05-05,12312,1618,14,88,178,680,Weekday
3977333714,2016-05-06,11677,1590,29,55,168,676,Weekday
3977333714,2016-05-07,11550,1574,0,86,208,703,Weekend
4388161847,2016-05-07,22770,4022,120,56,260,508,Weekend
3977333714,2016-05-08,13585,1633,9,116,171,688,Weekend
8583815059,2016-05-08,9217,2940,3,72,182,1183,Weekend
4702921684,2016-05-08,12857,3287,9,125,192,1019,Weekend
7086361926,2016-05-09,13566,2960,67,50,171,743,Weekday
3977333714,2016-05-09,14687,1667,8,122,151,1159,Weekday
2022484408,2016-05-09,13379,2709,35,47,297,1061,Weekday
5553957443,2016-05-10,16358,2335,61,40,265,707,Weekday
3977333714,2016-05-10,13072,1630,1,115,196,676,Weekday
8583815059,2016-05-10,8240,2846,9,43,162,1226,Weekday
8583815059,2016-05-11,8701,2804,5,71,177,1106,Weekday
7086361926,2016-05-11,9572,2735,57,40,128,757,Weekday
4020332650,2016-03-12,5543,2990,0,0,254,757,Weekend
4057192912,2016-03-12,0,1777,0,0,0,1440,Weekend
4020332650,2016-03-13,3226,2480,0,0,136,771,Weekend
4057192912,2016-03-13,0,1777,0,0,0,1440,Weekend
4020332650,2016-03-14,3023,2570,0,0,145,1005,Weekday
4057192912,2016-03-15,0,1776,0,0,0,1440,Weekday
4057192912,2016-03-17,0,1776,0,0,0,1440,Weekday
4020332650,2016-03-17,8940,3706,0,0,47,986,Weekday
4057192912,2016-03-18,949,1870,0,0,34,1406,Weekday
4020332650,2016-03-18,368,2024,0,0,0,1440,Weekday
4020332650,2016-03-19,5702,2980,0,0,0,1440,Weekend
4057192912,2016-03-19,0,1777,0,0,0,1440,Weekend
4057192912,2016-03-20,44,1782,0,0,2,1438,Weekend
4020332650,2016-03-20,10330,3728,0,0,0,1440,Weekend
4057192912,2016-03-21,2660,1978,0,0,46,1394,Weekday
4020332650,2016-03-21,8778,3348,0,0,0,1440,Weekday
4020332650,2016-03-22,6662,3162,0,0,0,1440,Weekday
4057192912,2016-03-22,5561,2296,0,0,169,1271,Weekday
4020332650,2016-03-23,6309,3140,0,0,0,1440,Weekday
4020332650,2016-03-24,1951,1980,0,0,0,1440,Weekday
4057192912,2016-03-24,7,1787,0,0,1,1439,Weekday
4057192912,2016-03-25,0,1776,0,0,0,1440,Weekday
4020332650,2016-03-25,5563,3681,0,0,0,1440,Weekday
1624580081,2016-03-25,1810,1373,0,0,121,1319,Weekday
4057192912,2016-03-26,0,1776,0,0,0,1440,Weekend
4020332650,2016-03-26,4370,3444,0,0,0,1440,Weekend
1624580081,2016-03-26,815,1264,0,0,47,1393,Weekend
1624580081,2016-03-27,1985,1350,0,0,112,1328,Weekend
4020332650,2016-03-27,7144,3510,0,0,0,1440,Weekend
4057192912,2016-03-27,2275,2005,0,0,86,1354,Weekend
1624580081,2016-03-28,1905,1342,0,0,95,1345,Weekday
4057192912,2016-03-28,8,1778,0,0,1,1439,Weekday
4020332650,2016-03-29,4152,2976,0,0,187,1253,Weekday
4445114986,2016-03-29,2303,2010,0,0,155,807,Weekday
1624580081,2016-03-29,1552,1300,0,0,66,1374,Weekday
4388161847,2016-03-29,0,1878,0,0,0,1440,Weekday
2891001357,2016-03-29,0,1920,0,0,0,1440,Weekday
4057192912,2016-03-29,5137,2293,0,0,160,1280,Weekday
2891001357,2016-03-30,0,1920,0,0,0,1440,Weekday
4057192912,2016-03-30,5419,2259,0,0,145,1295,Weekday
4388161847,2016-03-30,0,1878,0,0,0,1440,Weekday
4020332650,2016-03-30,5400,3418,0,0,258,795,Weekday
1624580081,2016-03-30,1675,1313,0,0,84,1356,Weekday
4445114986,2016-03-30,2600,2032,0,0,163,1277,Weekday
2347167796,2016-03-31,6760,1929,0,0,250,613,Weekday
4388161847,2016-03-31,0,1878,0,0,0,1440,Weekday
4702921684,2016-03-31,6963,2895,0,0,256,759,Weekday
4445114986,2016-03-31,4804,2227,0,0,238,786,Weekday
4057192912,2016-03-31,0,1776,0,0,0,1440,Weekday
2891001357,2016-03-31,0,1920,0,0,0,1440,Weekday
2320127002,2016-04-01,0,1324,0,0,0,1440,Weekday
4057192912,2016-04-01,0,1776,0,0,0,1440,Weekday
4445114986,2016-04-01,3271,2133,0,0,205,898,Weekday
2873212765,2016-04-01,890,1335,0,0,41,1399,Weekday
6117666160,2016-04-01,7444,2210,0,0,286,568,Weekday
3977333714,2016-04-01,4499,1288,0,0,168,842,Weekday
1624580081,2016-04-01,9218,1541,0,0,221,1219,Weekday
2026352035,2016-04-01,2605,1407,0,0,166,729,Weekday
6290855005,2016-04-01,6633,2778,0,0,280,1160,Weekday
8583815059,2016-04-01,2174,2360,0,0,112,1328,Weekday
4558609924,2016-04-01,5336,1902,0,0,258,1182,Weekday
6391747486,2016-04-01,0,1820,0,0,0,1440,Weekday
8253242879,2016-04-01,0,1429,0,0,0,1440,Weekday
4388161847,2016-04-01,0,1878,0,0,0,1440,Weekday
3372868164,2016-04-01,5785,1852,0,0,311,1129,Weekday
1844505072,2016-04-02,5367,1889,0,0,263,1177,Weekend
1624580081,2016-04-02,1556,1327,0,0,88,1352,Weekend
2320127002,2016-04-02,0,1324,0,0,0,1440,Weekend
2873212765,2016-04-02,2214,1559,0,0,197,1243,Weekend
4388161847,2016-04-02,0,1878,0,0,0,1440,Weekend
4558609924,2016-04-02,3183,1680,0,0,173,1180,Weekend
8378563200,2016-04-02,3358,2702,0,0,144,657,Weekend
8253242879,2016-04-02,0,1429,0,0,0,1440,Weekend
5553957443,2016-04-02,2937,1615,0,0,181,356,Weekend
7086361926,2016-04-02,87,1641,0,0,2,872,Weekend
4445114986,2016-04-02,5406,2317,0,0,273,672,Weekend
2891001357,2016-04-02,4126,2881,0,0,720,720,Weekend
6391747486,2016-04-02,2101,2224,46,0,0,1394,Weekend
6775888955,2016-04-02,1988,2207,0,0,79,909,Weekend
1927972279,2016-04-02,5662,2783,0,0,267,858,Weekend
2022484408,2016-04-02,5477,2040,0,0,237,1203,Weekend
4057192912,2016-04-02,0,1776,0,0,0,1440,Weekend
8583815059,2016-04-02,3494,2517,0,0,166,1274,Weekend
2026352035,2016-04-02,1229,1237,0,0,69,795,Weekend
6117666160,2016-04-03,0,1496,0,0,0,1440,Weekend
2026352035,2016-04-03,2308,1330,0,0,115,720,Weekend
1927972279,2016-04-03,3198,2449,0,0,146,1183,Weekend
2891001357,2016-04-03,0,1920,0,0,0,1440,Weekend
1624580081,2016-04-03,2910,1452,0,0,157,1283,Weekend
4445114986,2016-04-03,3146,2058,0,0,171,1269,Weekend
8253242879,2016-04-03,0,1429,0,0,0,1440,Weekend
5553957443,2016-04-03,1515,1481,0,0,93,507,Weekend
8583815059,2016-04-03,2380,2400,0,0,131,1309,Weekend
2347167796,2016-04-03,7485,2035,0,0,324,491,Weekend
6290855005,2016-04-03,0,2664,33,0,0,1407,Weekend
2320127002,2016-04-03,0,1324,0,0,0,1440,Weekend
1844505072,2016-04-03,2841,1636,0,0,136,1114,Weekend
3372868164,2016-04-03,4706,1816,0,0,299,1141,Weekend
4020332650,2016-04-03,6107,3313,0,0,265,776,Weekend
4388161847,2016-04-03,0,1878,0,0,0,1440,Weekend
4057192912,2016-04-03,0,1776,0,0,0,1440,Weekend
6391747486,2016-04-03,0,1820,0,0,0,1440,Weekend
2891001357,2016-04-04,0,1920,0,0,0,1440,Weekday
6391747486,2016-04-04,0,1820,0,0,0,1440,Weekday
1624580081,2016-04-04,18464,1574,0,0,270,1170,Weekday
6775888955,2016-04-04,0,1841,0,0,0,1440,Weekday
2026352035,2016-04-04,6679,1583,0,0,263,644,Weekday
8253242879,2016-04-04,0,1429,0,0,0,1440,Weekday
4558609924,2016-04-04,8205,2078,0,0,367,1073,Weekday
8583815059,2016-04-04,3159,2462,0,0,147,1293,Weekday
2320127002,2016-04-04,0,1324,0,0,0,1440,Weekday
4057192912,2016-04-04,0,1776,0,0,0,1440,Weekday
6290855005,2016-04-04,0,2060,0,0,0,1440,Weekday
1927972279,2016-04-04,2352,2380,0,0,128,829,Weekday
4445114986,2016-04-04,2422,1935,0,0,110,1330,Weekday
4388161847,2016-04-04,0,1878,0,0,0,1440,Weekday
1844505072,2016-04-04,0,1347,0,0,0,669,Weekday
4057192912,2016-04-05,0,1776,0,0,0,1440,Weekday
4388161847,2016-04-05,0,1296,0,0,0,994,Weekday
1927972279,2016-04-05,2234,2344,0,0,108,912,Weekday
2873212765,2016-04-05,8432,1953,0,0,374,1066,Weekday
2891001357,2016-04-05,2063,1144,0,0,630,99,Weekday
3372868164,2016-04-05,4460,1787,0,0,248,1192,Weekday
6290855005,2016-04-05,0,2060,0,0,0,1440,Weekday
8253242879,2016-04-05,0,1429,0,0,0,1440,Weekday
1624580081,2016-04-05,1335,1308,0,0,74,1366,Weekday
2320127002,2016-04-05,4931,1708,0,0,175,1265,Weekday
1844505072,2016-04-05,0,1347,0,0,0,1440,Weekday
2026352035,2016-04-05,5645,1538,0,0,248,621,Weekday
6117666160,2016-04-05,9910,2445,0,0,384,990,Weekday
4057192912,2016-04-06,18,1780,0,0,2,1438,Weekday
1927972279,2016-04-06,1259,2202,0,0,73,938,Weekday
4558609924,2016-04-06,5668,1853,0,0,259,1181,Weekday
8792009665,2016-04-06,2121,2114,0,0,122,855,Weekday
8583815059,2016-04-06,2098,2354,0,0,112,1328,Weekday
2320127002,2016-04-06,6999,1950,0,0,320,1120,Weekday
6290855005,2016-04-06,0,2060,0,0,0,1440,Weekday
6391747486,2016-04-06,165,1849,0,0,8,1432,Weekday
6117666160,2016-04-06,12409,2694,0,0,491,388,Weekday
2026352035,2016-04-06,3180,1421,0,0,185,738,Weekday
4020332650,2016-04-06,7476,3253,0,0,263,920,Weekday
1844505072,2016-04-06,7,1349,0,0,1,1439,Weekday
2873212765,2016-04-06,7350,1910,0,0,382,1058,Weekday
1624580081,2016-04-06,1004,1276,0,0,55,1385,Weekday
8253242879,2016-04-06,1931,1607,0,0,94,1346,Weekday
1927972279,2016-04-07,768,2130,0,0,43,1397,Weekday
6290855005,2016-04-07,0,2060,0,0,0,1440,Weekday
2320127002,2016-04-07,1846,1508,0,0,93,1347,Weekday
1624580081,2016-04-07,1111,1278,0,0,54,1386,Weekday
2026352035,2016-04-07,2767,1392,0,0,170,673,Weekday
4702921684,2016-04-07,6585,2822,0,0,210,770,Weekday
8792009665,2016-04-07,1291,1961,0,0,77,888,Weekday
6117666160,2016-04-07,4853,1903,0,0,156,770,Weekday
1844505072,2016-04-07,6344,1965,0,0,290,1150,Weekday
4057192912,2016-04-07,4,1778,0,0,1,1439,Weekday
8583815059,2016-04-07,2816,2437,0,0,138,1302,Weekday
6391747486,2016-04-07,0,1822,0,0,0,1440,Weekday
3372868164,2016-04-08,5551,1815,0,0,282,1158,Weekday
4445114986,2016-04-08,5543,2303,0,0,266,941,Weekday
6290855005,2016-04-08,0,2060,0,0,0,1440,Weekday
6391747486,2016-04-08,0,1820,0,0,0,1440,Weekday
2026352035,2016-04-08,3762,1425,0,0,173,719,Weekday
6117666160,2016-04-08,8955,2482,0,0,422,1018,Weekday
1927972279,2016-04-08,519,2088,0,0,34,1406,Weekday
2873212765,2016-04-08,7157,1944,0,0,380,1060,Weekday
1624580081,2016-04-08,6344,1409,0,0,143,1297,Weekday
8583815059,2016-04-08,1408,1814,0,0,79,1052,Weekday
4558609924,2016-04-08,4195,1778,0,0,241,1199,Weekday
2320127002,2016-04-08,3417,1625,0,0,153,1287,Weekday
1844505072,2016-04-08,5316,1824,0,0,221,1219,Weekday
6290855005,2016-04-09,0,2060,0,0,0,1440,Weekend
6391747486,2016-04-09,0,251,0,0,0,198,Weekend
4057192912,2016-04-09,1650,1952,0,0,60,1380,Weekend
4445114986,2016-04-09,4195,2210,0,0,239,758,Weekend
8378563200,2016-04-09,2240,2606,0,0,110,843,Weekend
6775888955,2016-04-09,14,787,0,0,1,601,Weekend
1844505072,2016-04-09,4979,1807,0,0,184,620,Weekend
2026352035,2016-04-09,3098,1413,0,0,185,700,Weekend
4558609924,2016-04-09,5512,1882,0,0,276,1164,Weekend
1624580081,2016-04-09,3572,1370,0,0,122,1318,Weekend
5553957443,2016-04-09,4599,1692,0,0,176,578,Weekend
8792009665,2016-04-09,1022,1890,0,0,63,739,Weekend
6117666160,2016-04-09,10789,2617,0,0,506,413,Weekend
2026352035,2016-04-10,5142,1515,0,0,230,654,Weekend
4558609924,2016-04-10,6263,1906,0,0,290,1150,Weekend
4445114986,2016-04-10,6625,2424,0,0,316,755,Weekend
6290855005,2016-04-10,0,735,20,0,0,494,Weekend
1644430081,2016-04-10,1329,489,0,0,35,207,Weekend
8253242879,2016-04-10,2545,1657,0,0,126,1314,Weekend
8378563200,2016-04-10,2631,2624,0,0,117,727,Weekend
2320127002,2016-04-10,2277,1530,0,0,103,1337,Weekend
1844505072,2016-04-10,6556,1971,0,0,305,810,Weekend
7086361926,2016-04-10,569,1799,0,0,27,1368,Weekend
1927972279,2016-04-10,2105,2442,0,0,139,805,Weekend
8792009665,2016-04-10,4605,2253,0,0,179,1261,Weekend
1927972279,2016-04-11,1209,2255,0,0,73,842,Weekday
4020332650,2016-04-11,2993,2507,0,0,114,888,Weekday
2873212765,2016-04-11,7497,1741,0,0,357,882,Weekday
8792009665,2016-04-11,178,1725,0,0,12,1428,Weekday
8253242879,2016-04-11,1636,1377,0,0,86,1139,Weekday
4057192912,2016-04-11,6801,2393,0,0,193,1247,Weekday
2026352035,2016-04-11,3279,1405,0,0,164,694,Weekday
1624580081,2016-04-11,10000,1469,0,0,172,1268,Weekday
1844505072,2016-04-11,5430,1888,0,0,251,1189,Weekday
4558609924,2016-04-11,8828,2149,0,0,308,1132,Weekday
4702921684,2016-04-11,6499,2677,0,0,207,809,Weekday
4388161847,2016-04-12,10122,2955,0,0,0,1440,Weekday
1624580081,2016-04-12,8163,1432,0,0,146,1294,Weekday
4319703577,2016-04-12,7753,2115,0,0,0,1440,Weekday
4558609924,2016-04-12,5135,1909,0,0,318,1122,Weekday
4445114986,2016-04-12,3276,2113,0,0,196,787,Weekday
4702921684,2016-04-12,7213,2947,0,0,263,718,Weekday
1844505072,2016-04-12,6697,2030,0,0,339,1101,Weekday
6775888955,2016-04-12,0,1841,0,0,0,1440,Weekday
6117666160,2016-04-12,0,1496,0,0,0,1440,Weekday
3372868164,2016-04-12,4747,1788,0,0,280,1160,Weekday
4057192912,2016-04-12,5394,2286,0,0,164,1276,Weekday
8792009665,2016-04-12,2564,2044,0,0,116,831,Weekday
1927972279,2016-04-12,678,2220,0,0,55,734,Weekday
6290855005,2016-04-12,4562,2560,0,0,199,1241,Weekday
6290855005,2016-04-13,7142,2905,0,0,350,1090,Weekday
2026352035,2016-04-13,4993,1521,0,0,238,663,Weekday
1844505072,2016-04-13,4929,1860,0,0,248,1192,Weekday
4020332650,2016-04-13,0,1981,0,0,0,1440,Weekday
1927972279,2016-04-13,356,2151,0,0,32,986,Weekday
4445114986,2016-04-13,2961,2095,0,0,194,840,Weekday
6117666160,2016-04-13,0,1496,0,0,0,1440,Weekday
8792009665,2016-04-13,1320,1934,0,0,82,806,Weekday
5553957443,2016-04-13,4832,1718,0,0,226,647,Weekday
2320127002,2016-04-13,7275,2003,0,0,335,1105,Weekday
1624580081,2016-04-13,7007,1411,0,0,148,1292,Weekday
4702921684,2016-04-13,6877,2898,0,0,258,777,Weekday
4057192912,2016-04-13,5974,2306,0,0,160,1280,Weekday
8583815059,2016-04-14,3135,2443,0,0,134,1306,Weekday
1844505072,2016-04-14,7937,2130,0,0,373,843,Weekday
2320127002,2016-04-14,3973,1696,0,0,191,1249,Weekday
8792009665,2016-04-14,1219,1963,0,0,84,853,Weekday
4445114986,2016-04-14,3974,2194,0,0,231,717,Weekday
2026352035,2016-04-14,3335,1431,0,0,197,653,Weekday
2873212765,2016-04-14,7910,1893,0,0,331,1109,Weekday
4558609924,2016-04-14,6799,1922,0,0,279,1161,Weekday
4702921684,2016-04-14,7860,2984,0,0,271,772,Weekday
6962181067,2016-04-14,1551,1466,0,0,86,862,Weekday
1624580081,2016-04-14,9107,1572,0,0,236,1204,Weekday
4057192912,2016-04-14,0,1776,0,0,0,1440,Weekday
6117666160,2016-04-14,0,1496,0,0,0,1440,Weekday
4020332650,2016-04-14,108,2011,0,0,3,1437,Weekday
6290855005,2016-04-14,7671,2952,0,0,363,1077,Weekday
4319703577,2016-04-15,5664,1985,0,0,228,752,Weekday
1844505072,2016-04-15,3844,1725,0,0,176,527,Weekday
2026352035,2016-04-15,3821,1444,0,0,188,687,Weekday
6962181067,2016-04-15,5563,1756,0,0,217,837,Weekday
7007744171,2016-04-15,5273,2098,0,0,202,1238,Weekday
6290855005,2016-04-15,9501,2896,0,0,328,1112,Weekday
8792009665,2016-04-15,2483,2009,0,0,126,937,Weekday
2873212765,2016-04-15,8482,2063,0,0,448,992,Weekday
4445114986,2016-04-15,7198,2496,0,0,350,711,Weekday
8253242879,2016-04-15,2672,1632,0,0,105,1335,Weekday
4388161847,2016-04-15,8758,3066,0,0,299,837,Weekday
8583815059,2016-04-15,3430,2505,0,0,65,1375,Weekday
2320127002,2016-04-15,5205,1801,0,0,245,1195,Weekday
3372868164,2016-04-15,7451,1908,0,0,335,1105,Weekday
6775888955,2016-04-15,1282,2127,0,0,58,976,Weekday
1927972279,2016-04-15,980,2221,0,0,51,941,Weekday
1624580081,2016-04-15,1510,1344,0,0,96,1344,Weekday
8583815059,2016-04-16,5319,2693,0,0,0,1440,Weekend
8792009665,2016-04-16,244,1721,0,0,12,1428,Weekend
2026352035,2016-04-16,2547,1373,0,0,150,728,Weekend
7007744171,2016-04-16,4631,2076,0,0,203,1155,Weekend
5553957443,2016-04-16,5771,1831,0,0,288,521,Weekend
4445114986,2016-04-16,3945,2180,0,0,225,716,Weekend
7086361926,2016-04-16,31,1635,0,0,3,1437,Weekend
3372868164,2016-04-16,6905,1908,0,0,356,1084,Weekend
1927972279,2016-04-16,0,2064,0,0,0,1440,Weekend
2320127002,2016-04-16,5057,1724,0,0,195,1245,Weekend
4319703577,2016-04-16,4744,1884,0,0,194,724,Weekend
1624580081,2016-04-16,5370,1463,0,0,176,1264,Weekend
6290855005,2016-04-16,8301,2783,0,0,258,1182,Weekend
1844505072,2016-04-16,3414,1657,0,0,147,1293,Weekend
1927972279,2016-04-17,0,2063,0,0,0,1440,Weekend
7007744171,2016-04-17,8059,2383,0,0,305,1135,Weekend
2026352035,2016-04-17,838,1214,0,0,60,1053,Weekend
7086361926,2016-04-17,0,1629,0,0,0,1440,Weekend
8583815059,2016-04-17,3008,2439,0,0,0,1440,Weekend
4020332650,2016-04-17,16,1990,0,0,2,1438,Weekend
5553957443,2016-04-17,655,1397,0,0,46,943,Weekend
8792009665,2016-04-17,0,1688,0,0,0,1440,Weekend
4319703577,2016-04-17,29,1464,0,0,3,1363,Weekend
4388161847,2016-04-17,4660,2572,0,0,201,721,Weekend
6117666160,2016-04-17,7150,2225,0,0,312,702,Weekend
2320127002,2016-04-17,6198,1852,0,0,249,1191,Weekend
4445114986,2016-04-17,2268,1933,0,0,114,1219,Weekend
8378563200,2016-04-17,2132,2572,0,0,93,599,Weekend
1927972279,2016-04-18,244,2111,0,0,17,1423,Weekday
5553957443,2016-04-18,3727,1683,0,0,206,622,Weekday
2026352035,2016-04-18,3325,1419,0,0,182,1062,Weekday
6290855005,2016-04-18,6885,2766,0,0,271,1169,Weekday
8792009665,2016-04-18,0,1688,0,0,0,1440,Weekday
4020332650,2016-04-18,62,1995,0,0,2,1438,Weekday
6117666160,2016-04-18,5153,2018,0,0,241,759,Weekday
6775888955,2016-04-19,0,1841,0,0,0,1440,Weekday
1927972279,2016-04-19,0,2063,0,0,0,1440,Weekday
3372868164,2016-04-19,7711,1985,0,0,376,1064,Weekday
6117666160,2016-04-19,11135,2606,0,0,480,425,Weekday
2026352035,2016-04-19,2424,1356,0,0,141,785,Weekday
4445114986,2016-04-19,2064,1954,0,0,121,895,Weekday
2873212765,2016-04-19,7948,1956,0,0,389,1051,Weekday
8253242879,2016-04-19,4212,1763,0,0,164,1276,Weekday
4319703577,2016-04-19,8925,2200,0,0,311,604,Weekday
1624580081,2016-04-19,2916,1435,0,0,141,1299,Weekday
1844505072,2016-04-19,197,1366,0,0,10,1430,Weekday
8792009665,2016-04-19,0,1688,0,0,0,1440,Weekday
4020332650,2016-04-19,0,1980,0,0,0,1440,Weekday
6290855005,2016-04-19,7142,2839,0,0,321,1119,Weekday
2026352035,2016-04-20,7222,1667,0,0,327,623,Weekday
1644430081,2016-04-20,2436,2430,0,0,125,1315,Weekday
6290855005,2016-04-20,6361,2701,0,0,258,1182,Weekday
4558609924,2016-04-20,4803,1788,0,0,222,1218,Weekday
4445114986,2016-04-20,2072,1974,0,0,137,841,Weekday
1927972279,2016-04-20,0,2063,0,0,0,1440,Weekday
4020332650,2016-04-20,0,1980,0,0,0,1440,Weekday
1624580081,2016-04-20,4974,1446,0,0,151,1289,Weekday
1844505072,2016-04-20,8,1349,0,0,1,1439,Weekday
5553957443,2016-04-20,2713,1570,0,0,148,598,Weekday
1927972279,2016-04-21,0,2064,0,0,0,1440,Weekday
6775888955,2016-04-21,0,1841,0,0,0,1440,Weekday
6290855005,2016-04-21,0,2060,0,0,0,1440,Weekday
4319703577,2016-04-21,3702,1792,0,0,34,1265,Weekday
3977333714,2016-04-21,6093,1397,0,0,242,712,Weekday
4445114986,2016-04-21,3809,2150,0,0,215,756,Weekday
1624580081,2016-04-21,6349,1467,0,0,186,1254,Weekday
2026352035,2016-04-21,2467,1370,0,0,153,749,Weekday
1644430081,2016-04-21,1223,2140,0,0,38,1402,Weekday
4020332650,2016-04-21,0,1980,0,0,0,1440,Weekday
8792009665,2016-04-21,144,1720,0,0,9,1431,Weekday
8253242879,2016-04-22,2824,1651,0,0,120,1320,Weekday
4702921684,2016-04-22,1664,2241,0,0,72,1341,Weekday
3372868164,2016-04-22,3843,1669,0,0,206,1234,Weekday
2320127002,2016-04-22,5583,1851,0,0,266,1174,Weekday
1927972279,2016-04-22,149,2093,0,0,10,1430,Weekday
6290855005,2016-04-22,6238,2796,0,0,302,1138,Weekday
1844505072,2016-04-22,5372,1827,0,0,220,1220,Weekday
1644430081,2016-04-22,3673,2344,0,0,86,1354,Weekday
4020332650,2016-04-22,0,1980,0,0,0,1440,Weekday
4445114986,2016-04-22,6831,2432,0,0,317,706,Weekday
2026352035,2016-04-22,2915,1399,0,0,162,712,Weekday
1624580081,2016-04-22,4026,1470,0,0,199,1241,Weekday
6775888955,2016-04-22,637,1922,0,0,20,1420,Weekday
2873212765,2016-04-22,7286,2241,46,0,366,1028,Weekday
6117666160,2016-04-22,8206,2409,0,0,402,413,Weekday
2022484408,2016-04-23,6001,2069,0,0,249,1191,Weekend
7086361926,2016-04-23,2817,1965,0,0,90,1350,Weekend
6775888955,2016-04-23,0,1841,0,0,0,1440,Weekend
4319703577,2016-04-23,4935,1945,0,0,233,546,Weekend
1927972279,2016-04-23,2945,2499,0,0,145,1295,Weekend
5553957443,2016-04-23,4112,1776,0,0,272,443,Weekend
4445114986,2016-04-23,4363,2149,0,0,201,1239,Weekend
2320127002,2016-04-23,5079,1804,0,0,242,1129,Weekend
1624580081,2016-04-23,8538,1562,0,0,227,1213,Weekend
1844505072,2016-04-23,3570,1645,0,0,139,1301,Weekend
2026352035,2016-04-23,12357,1916,0,0,432,458,Weekend
6290855005,2016-04-23,0,2664,33,0,0,1407,Weekend
4020332650,2016-04-23,0,1980,0,0,0,1440,Weekend
6117666160,2016-04-23,11495,2651,0,0,512,468,Weekend
4020332650,2016-04-24,0,1980,0,0,0,1440,Weekend
6117666160,2016-04-24,7623,2305,0,0,362,711,Weekend
2347167796,2016-04-24,9471,2187,0,0,360,584,Weekend
2026352035,2016-04-24,3490,1401,0,0,164,704,Weekend
7007744171,2016-04-24,11085,2667,0,0,419,1021,Weekend
4558609924,2016-04-24,8563,2173,0,0,395,1045,Weekend
6290855005,2016-04-24,5896,2703,0,0,258,1182,Weekend
8378563200,2016-04-24,3703,2741,0,0,135,734,Weekend
1844505072,2016-04-24,0,1347,0,0,0,1440,Weekend
2320127002,2016-04-24,4165,1725,0,0,204,1236,Weekend
6962181067,2016-04-24,5029,1705,0,0,199,720,Weekend
7086361926,2016-04-24,3520,2049,0,0,125,566,Weekend
1644430081,2016-04-24,3321,2413,0,0,89,1351,Weekend
4445114986,2016-04-24,5002,2247,0,0,244,1196,Weekend
5553957443,2016-04-24,1807,1507,0,0,104,582,Weekend
8792009665,2016-04-25,0,1688,0,0,0,1440,Weekday
2873212765,2016-04-25,7373,1907,0,0,359,1081,Weekday
6117666160,2016-04-25,0,1497,0,0,0,1440,Weekday
2026352035,2016-04-25,6017,1576,0,0,260,821,Weekday
3372868164,2016-04-25,5995,2010,0,0,416,1024,Weekday
4445114986,2016-04-25,3385,2070,0,0,179,916,Weekday
4020332650,2016-04-25,0,1980,0,0,0,1440,Weekday
1624580081,2016-04-25,6497,1492,0,0,202,1238,Weekday
1927972279,2016-04-25,152,2100,0,0,12,1303,Weekday
1844505072,2016-04-25,0,1347,0,0,0,1440,Weekday
8792009665,2016-04-26,1321,1928,0,0,80,1360,Weekday
2026352035,2016-04-26,5933,1595,0,0,288,1018,Weekday
1624580081,2016-04-26,2826,1402,0,0,140,1300,Weekday
1844505072,2016-04-26,0,1347,0,0,0,1440,Weekday
4020332650,2016-04-26,0,1980,0,0,0,1440,Weekday
1927972279,2016-04-26,3761,2638,0,0,192,1058,Weekday
2320127002,2016-04-26,3409,1632,0,0,147,1293,Weekday
2347167796,2016-04-26,5980,1861,0,0,227,732,Weekday
6290855005,2016-04-26,0,2060,0,0,0,1440,Weekday
6775888955,2016-04-27,0,1841,0,0,0,1440,Weekday
2320127002,2016-04-27,1715,1481,0,0,82,1358,Weekday
1844505072,2016-04-27,4,1348,0,0,1,1439,Weekday
2026352035,2016-04-27,6088,1593,0,0,286,586,Weekday
2873212765,2016-04-27,3516,1966,46,0,197,1197,Weekday
1644430081,2016-04-27,3032,2489,0,0,118,1322,Weekday
4020332650,2016-04-27,0,1980,0,0,0,1440,Weekday
8792009665,2016-04-27,1758,2067,0,0,112,900,Weekday
6117666160,2016-04-27,9411,2576,0,0,458,417,Weekday
6290855005,2016-04-27,5565,2743,0,0,287,1153,Weekday
1927972279,2016-04-27,0,2063,0,0,0,1440,Weekday
2320127002,2016-04-28,1532,1473,0,0,76,1364,Weekday
4445114986,2016-04-28,4493,2203,0,0,236,762,Weekday
6117666160,2016-04-28,3403,1879,0,0,141,758,Weekday
4020332650,2016-04-28,0,1980,0,0,0,1440,Weekday
1927972279,2016-04-28,1675,2351,0,0,95,1167,Weekday
2026352035,2016-04-28,6375,1649,0,0,331,626,Weekday
2347167796,2016-04-28,5439,1854,0,0,229,764,Weekday
3372868164,2016-04-28,5512,1972,0,0,385,1055,Weekday
1844505072,2016-04-28,6907,1992,0,0,302,1138,Weekday
8792009665,2016-04-28,6157,2780,0,0,310,714,Weekday
6290855005,2016-04-28,5731,2687,0,0,255,1185,Weekday
6290855005,2016-04-29,0,2060,0,0,0,1440,Weekday
2347167796,2016-04-29,42,403,0,0,4,2,Weekday
3372868164,2016-04-29,9135,2044,0,0,402,1038,Weekday
2026352035,2016-04-29,7604,1692,0,0,352,492,Weekday
1644430081,2016-04-29,3176,2498,0,0,120,1193,Weekday
4445114986,2016-04-29,4676,2196,0,0,226,1106,Weekday
1844505072,2016-04-29,4920,1856,0,0,247,1082,Weekday
6117666160,2016-04-29,9592,2560,0,0,461,479,Weekday
1624580081,2016-04-29,2390,1404,0,0,150,1290,Weekday
6775888955,2016-04-29,0,1841,0,0,0,1440,Weekday
4020332650,2016-04-29,0,1980,0,0,0,1440,Weekday
2320127002,2016-04-29,924,1410,0,0,45,1395,Weekday
1927972279,2016-04-29,0,2063,0,0,0,1440,Weekday
6117666160,2016-04-30,6987,2275,0,0,343,1040,Weekend
8378563200,2016-04-30,2946,2660,0,0,121,780,Weekend
1844505072,2016-04-30,4014,1763,0,0,184,218,Weekend
4020332650,2016-04-30,0,1980,0,0,0,1440,Weekend
2320127002,2016-04-30,4571,1779,0,0,234,1206,Weekend
4445114986,2016-04-30,6222,2363,0,0,290,797,Weekend
6290855005,2016-04-30,6744,2843,0,0,324,1116,Weekend
7007744171,2016-04-30,3761,2051,0,0,200,1240,Weekend
2026352035,2016-04-30,4729,1506,0,0,233,594,Weekend
1927972279,2016-04-30,0,2064,0,0,0,1440,Weekend
5553957443,2016-04-30,1202,1463,0,0,84,506,Weekend
2320127002,2016-05-01,772,1403,0,0,40,1400,Weekend
8053475328,2016-05-01,1170,1886,0,0,51,1389,Weekend
4020332650,2016-05-01,0,1980,0,0,0,1440,Weekend
6962181067,2016-05-01,5454,1740,0,0,215,722,Weekend
4319703577,2016-05-01,1251,1593,0,0,67,836,Weekend
3372868164,2016-05-01,3077,1237,0,0,172,842,Weekend
8792009665,2016-05-01,1619,1962,0,0,79,834,Weekend
2026352035,2016-05-01,3609,1447,0,0,191,716,Weekend
7007744171,2016-05-01,5600,2225,0,0,237,1142,Weekend
4558609924,2016-05-01,3428,1692,0,0,190,1121,Weekend
6117666160,2016-05-01,8915,2361,0,0,397,525,Weekend
4702921684,2016-05-01,0,2017,0,0,0,1440,Weekend
5553957443,2016-05-01,5164,1747,0,0,237,436,Weekend
4445114986,2016-05-01,5232,2246,0,0,240,741,Weekend
8877689391,2016-05-02,4790,2189,0,0,105,1335,Weekday
1844505072,2016-05-02,0,1348,0,0,0,1440,Weekday
6775888955,2016-05-02,0,1841,0,0,0,1440,Weekday
2026352035,2016-05-02,7018,1690,0,0,355,716,Weekday
4558609924,2016-05-02,7891,2066,0,0,383,1057,Weekday
6290855005,2016-05-02,6781,2725,0,0,268,1172,Weekday
6117666160,2016-05-02,4933,2044,0,0,236,1204,Weekday
8792009665,2016-05-02,1831,2015,0,0,101,916,Weekday
8583815059,2016-05-02,8469,2894,0,0,0,1440,Weekday
8053475328,2016-05-02,1969,1988,0,0,95,1345,Weekday
4702921684,2016-05-03,9454,3145,0,0,313,729,Weekday
8792009665,2016-05-03,2421,2297,0,0,156,739,Weekday
1624580081,2016-05-03,2100,1334,0,0,96,1344,Weekday
1844505072,2016-05-03,4059,1742,0,0,184,1256,Weekday
6117666160,2016-05-03,0,1496,0,0,0,1440,Weekday
6290855005,2016-05-03,6047,2671,0,0,240,1200,Weekday
4020332650,2016-05-03,4496,2828,0,0,174,950,Weekday
1927972279,2016-05-03,1326,2195,10,0,17,1413,Weekday
8583815059,2016-05-03,12015,3212,0,0,0,1440,Weekday
2026352035,2016-05-03,5992,1604,0,0,304,981,Weekday
6775888955,2016-05-03,9,1843,0,0,1,1439,Weekday
1624580081,2016-05-04,2193,1368,0,0,118,1322,Weekday
6290855005,2016-05-04,5832,2718,0,0,272,1168,Weekday
6117666160,2016-05-04,2997,1902,0,0,156,1279,Weekday
2320127002,2016-05-04,1201,1426,0,0,52,1388,Weekday
2026352035,2016-05-04,6564,1658,0,0,345,530,Weekday
7007744171,2016-05-04,0,1557,0,0,0,1440,Weekday
8583815059,2016-05-04,3588,2516,0,0,0,1440,Weekday
6775888955,2016-05-04,0,1841,0,0,0,1440,Weekday
4445114986,2016-05-04,2923,2070,0,0,180,897,Weekday
8792009665,2016-05-04,2283,2067,0,0,129,848,Weekday
5553957443,2016-05-04,4249,1698,0,0,224,651,Weekday
1644430081,2016-05-04,2309,2222,0,0,52,1388,Weekday
2873212765,2016-05-04,8278,2015,0,0,420,1020,Weekday
4558609924,2016-05-04,5232,1842,0,0,252,1188,Weekday
1844505072,2016-05-04,2080,1549,0,0,87,1353,Weekday
1927972279,2016-05-04,1786,2338,0,0,87,1353,Weekday
2026352035,2016-05-05,12167,1926,0,0,475,479,Weekday
1844505072,2016-05-05,2237,1589,0,0,120,1320,Weekday
6117666160,2016-05-05,9799,2636,0,0,487,479,Weekday
6290855005,2016-05-05,6339,2682,0,0,239,1201,Weekday
1927972279,2016-05-05,0,2063,0,0,0,1440,Weekday
8792009665,2016-05-05,0,1688,0,0,0,1440,Weekday
6775888955,2016-05-05,0,1841,0,0,0,1440,Weekday
1624580081,2016-05-05,2470,1370,0,0,117,1323,Weekday
8583815059,2016-05-05,12427,3266,0,0,70,1370,Weekday
4445114986,2016-05-06,4514,2211,0,0,229,809,Weekday
1844505072,2016-05-06,44,1351,0,0,2,1438,Weekday
2320127002,2016-05-06,4878,1742,0,0,204,1236,Weekday
1624580081,2016-05-06,1727,1341,0,0,102,1338,Weekday
8792009665,2016-05-06,0,1688,0,0,0,1440,Weekday
1927972279,2016-05-06,2091,2383,0,0,108,1332,Weekday
4558609924,2016-05-06,3755,1722,0,0,202,1238,Weekday
6290855005,2016-05-06,6116,2806,0,0,305,1135,Weekday
4020332650,2016-05-06,4369,2704,0,0,177,855,Weekday
6117666160,2016-05-06,3365,1838,0,0,133,673,Weekday
2026352035,2016-05-06,8198,1736,0,0,383,511,Weekday
6962181067,2016-05-06,5908,1850,0,0,299,717,Weekday
6117666160,2016-05-07,7336,2469,0,0,412,456,Weekend
2320127002,2016-05-07,7379,1972,0,0,319,1121,Weekend
4020332650,2016-05-07,6132,2975,0,0,184,1256,Weekend
8378563200,2016-05-07,4468,2799,0,0,158,851,Weekend
1844505072,2016-05-07,0,1347,0,0,0,1440,Weekend
5553957443,2016-05-07,1868,1494,0,0,96,902,Weekend
8583815059,2016-05-07,6117,2810,0,0,250,1190,Weekend
1927972279,2016-05-07,1510,2229,0,0,48,1392,Weekend
6290855005,2016-05-07,5510,2613,0,0,227,1213,Weekend
1624580081,2016-05-07,2104,1474,0,0,182,1258,Weekend
8792009665,2016-05-07,0,1688,0,0,0,1440,Weekend
5577150313,2016-05-07,0,1819,0,0,0,1440,Weekend
2026352035,2016-05-07,4193,1491,0,0,229,665,Weekend
6962181067,2016-05-07,6815,1947,0,0,328,745,Weekend
7007744171,2016-05-07,0,120,0,0,0,111,Weekend
4020332650,2016-05-08,5862,3089,0,0,263,775,Weekend
1927972279,2016-05-08,0,2063,0,0,0,1440,Weekend
8378563200,2016-05-08,2943,2685,0,0,139,621,Weekend
1644430081,2016-05-08,6724,2987,0,0,295,991,Weekend
2022484408,2016-05-08,3292,1848,0,0,135,1305,Weekend
4319703577,2016-05-08,3672,1792,0,0,153,603,Weekend
1624580081,2016-05-08,3427,1427,0,0,152,1288,Weekend
5577150313,2016-05-08,0,1819,0,0,0,1440,Weekend
6117666160,2016-05-08,7328,2250,0,0,318,517,Weekend
1844505072,2016-05-08,0,1347,0,0,0,1440,Weekend
8792009665,2016-05-08,0,1688,0,0,0,1440,Weekend
6290855005,2016-05-08,7706,2712,0,0,251,1189,Weekend
2320127002,2016-05-08,5161,1821,0,0,247,1193,Weekend
2026352035,2016-05-08,5528,1555,0,0,258,610,Weekend
2873212765,2016-05-08,8168,2096,46,0,326,1068,Weekend
1844505072,2016-05-09,0,1347,0,0,0,1440,Weekday
2873212765,2016-05-09,7726,1906,0,0,345,1095,Weekday
2026352035,2016-05-09,10685,1869,0,0,401,543,Weekday
4445114986,2016-05-09,5275,2281,0,0,266,641,Weekday
6117666160,2016-05-09,4477,1248,0,0,197,125,Weekday
8792009665,2016-05-09,0,1688,0,0,0,1440,Weekday
6290855005,2016-05-09,6277,2175,0,0,264,800,Weekday
1624580081,2016-05-09,1732,1328,0,0,91,1349,Weekday
1927972279,2016-05-09,0,2063,0,0,0,1440,Weekday
2320127002,2016-05-09,3090,1630,0,0,145,1295,Weekday
1624580081,2016-05-10,2969,1393,0,0,139,1301,Weekday
2873212765,2016-05-10,8275,1962,0,0,373,1067,Weekday
4445114986,2016-05-10,3915,2181,0,0,231,783,Weekday
4020332650,2016-05-10,5546,2926,0,0,206,774,Weekday
1927972279,2016-05-10,0,2063,0,0,0,1440,Weekday
2320127002,2016-05-10,6227,1899,0,0,290,1150,Weekday
1844505072,2016-05-10,0,1347,0,0,0,1440,Weekday
8792009665,2016-05-10,0,57,0,0,0,48,Weekday
2026352035,2016-05-10,254,1141,0,0,17,1002,Weekday
1624580081,2016-05-11,3134,1359,0,0,112,1328,Weekday
1644430081,2016-05-11,1329,1276,0,0,49,713,Weekday
3977333714,2016-05-11,746,52,4,0,9,13,Weekday
1844505072,2016-05-11,0,1347,0,0,0,1440,Weekday
5553957443,2016-05-11,4926,1693,0,0,195,628,Weekday
1927972279,2016-05-11,0,2063,0,0,0,1440,Weekday
2320127002,2016-05-11,6424,1903,0,0,300,1140,Weekday
2873212765,2016-05-11,6440,1826,0,0,319,1121,Weekday
2026352035,2016-05-11,8580,1698,0,0,330,569,Weekday
4319703577,2016-05-12,17,257,0,0,2,0,Weekday
4020332650,2016-05-12,590,1120,0,0,21,721,Weekday
2873212765,2016-05-12,7566,1431,0,0,268,720,Weekday
2320127002,2016-05-12,2661,1125,0,0,128,830,Weekday
4702921684,2016-05-12,2752,1240,0,0,68,241,Weekday
1844505072,2016-05-12,0,665,0,0,0,711,Weekday
4445114986,2016-05-12,768,1212,0,0,58,380,Weekday
1624580081,2016-05-12,2971,1002,0,0,107,890,Weekday
2026352035,2016-05-12,8891,1364,0,0,343,330,Weekday
1927972279,2016-05-12,0,1383,0,0,0,966,Weekday
4558609924,2016-05-12,6307,1452,0,0,247,736,Weekday
4388161847,2016-05-12,3369,1623,0,0,108,825,Weekday
3372868164,2016-04-02,7625,2069,24,1,341,1074,Weekend
4445114986,2016-04-07,6667,2335,24,1,208,939,Weekday
3977333714,2016-04-11,3108,1223,1,1,129,894,Weekday
8877689391,2016-04-15,13422,3934,106,1,281,1052,Weekday
2873212765,2016-04-16,9685,2148,47,1,305,1087,Weekend
2873212765,2016-04-24,6873,1898,46,1,190,1203,Weekend
8877689391,2016-04-24,16674,3455,64,1,227,1148,Weekend
1644430081,2016-04-25,3580,2497,8,1,94,1337,Weekday
4445114986,2016-04-26,6326,2291,29,1,180,839,Weekday
4445114986,2016-04-27,7243,2361,32,1,194,839,Weekday
8053475328,2016-04-30,7135,2408,27,1,131,1281,Weekend
1927972279,2016-05-01,2704,2411,14,1,70,1355,Weekend
8877689391,2016-05-12,8064,1849,23,1,137,770,Weekday
4445114986,2016-04-06,6911,2374,28,2,215,745,Weekday
5577150313,2016-04-08,4363,2486,8,2,156,813,Weekday
2320127002,2016-04-11,11230,2206,10,2,390,1038,Weekday
8253242879,2016-04-12,9033,2044,40,2,154,1244,Weekday
3372868164,2016-04-17,8199,1964,11,2,322,1105,Weekend
8877689391,2016-04-22,18258,3427,61,2,236,1141,Weekday
3372868164,2016-04-23,7396,1995,20,2,303,1115,Weekend
3372868164,2016-04-26,8283,2057,22,2,333,1083,Weekday
8583815059,2016-05-01,4512,2596,10,2,117,1311,Weekend
4445114986,2016-05-03,7502,2421,30,2,233,725,Weekday
2022484408,2016-05-07,6708,1995,20,2,149,1269,Weekend
8877689391,2016-04-01,18700,3527,67,3,247,1123,Weekday
8877689391,2016-04-05,10695,2834,10,3,246,1181,Weekday
2347167796,2016-04-10,10078,2164,12,3,303,463,Weekend
2022484408,2016-04-14,10690,2312,32,3,257,1148,Weekday
6962181067,2016-04-16,13217,2173,50,3,280,741,Weekend
2022484408,2016-04-18,14131,2770,48,3,311,1078,Weekday
3372868164,2016-04-20,4880,1867,15,3,274,1148,Weekday
8053475328,2016-04-22,10520,2655,60,3,117,1260,Weekday
6290855005,2016-04-25,7802,2771,8,3,249,1180,Weekday
8877689391,2016-04-26,11101,2860,22,3,258,1157,Weekday
8877689391,2016-05-03,10818,2817,19,3,229,1189,Weekday
8378563200,2016-05-05,8567,3783,66,3,214,764,Weekday
1624580081,2016-03-31,4506,1498,7,4,144,1285,Weekday
4319703577,2016-04-02,8405,2154,15,4,257,621,Weekend
1644430081,2016-04-04,2819,2444,4,4,87,1345,Weekday
8053475328,2016-04-04,17395,3209,100,4,213,1123,Weekday
3372868164,2016-04-06,6406,2010,17,4,325,1094,Weekday
4702921684,2016-04-06,7605,2943,4,4,248,708,Weekday
3372868164,2016-04-10,4662,1276,22,4,152,735,Weekend
1644430081,2016-04-15,5263,2750,3,4,170,1263,Weekday
6962181067,2016-04-20,13928,2174,48,4,297,639,Weekday
8253242879,2016-04-24,8905,1976,41,4,82,1313,Weekend
8378563200,2016-04-27,7359,3061,4,4,192,676,Weekday
8877689391,2016-04-30,27745,4398,124,4,223,1089,Weekend
3372868164,2016-04-30,5250,1946,17,4,300,1119,Weekend
8378563200,2016-05-02,6064,3491,63,4,142,802,Weekday
4445114986,2016-05-02,6910,2336,27,4,200,667,Weekday
4388161847,2016-05-02,10096,3147,33,4,204,935,Weekday
4445114986,2016-05-07,5183,2123,26,4,108,866,Weekend
8877689391,2016-05-08,10686,2847,17,4,245,1174,Weekend
8583815059,2016-05-09,9877,2947,66,4,110,1260,Weekday
7086361926,2016-05-12,3789,1199,5,4,58,343,Weekday
8053475328,2016-05-12,4998,1505,28,4,39,839,Weekday
1503960366,2016-03-27,12736,1944,56,5,268,605,Weekend
4702921684,2016-03-29,6506,2886,4,5,241,760,Weekday
7086361926,2016-04-09,7338,2519,27,5,204,717,Weekend
4445114986,2016-04-11,5986,2297,23,5,195,789,Weekday
2022484408,2016-04-13,12024,2601,43,5,292,1100,Weekday
8053475328,2016-04-14,20159,3411,119,5,193,1123,Weekday
8253242879,2016-04-17,10204,2112,41,5,157,1237,Weekend
8877689391,2016-04-18,11423,2761,29,5,191,1215,Weekday
8053475328,2016-04-20,15108,3043,89,5,158,695,Weekday
2873212765,2016-04-20,9202,2094,22,5,378,1035,Weekday
4388161847,2016-04-23,13236,3306,58,5,215,749,Weekend
2873212765,2016-04-23,9317,2021,28,5,330,1077,Weekend
4558609924,2016-04-23,6890,2085,5,5,308,1122,Weekend
1503960366,2016-04-24,10039,1788,39,5,238,709,Weekend
4319703577,2016-04-24,4081,1880,1,5,191,692,Weekend
2320127002,2016-04-25,3588,1654,3,5,152,1280,Weekday
8053475328,2016-04-26,12685,2846,68,5,185,1182,Weekday
2873212765,2016-04-26,8242,1882,2,5,309,1124,Weekday
8253242879,2016-04-27,10232,2008,45,5,104,1286,Weekday
8583815059,2016-04-27,12474,3142,77,5,129,1229,Weekday
1624580081,2016-04-28,2759,1401,0,5,115,1320,Weekday
8877689391,2016-04-29,9733,2698,18,5,210,1207,Weekday
4702921684,2016-05-05,8614,3006,8,5,241,745,Weekday
8378563200,2016-05-06,7045,3644,74,5,166,831,Weekday
2873212765,2016-05-06,7063,1910,0,5,370,1065,Weekday
6775888955,2016-05-07,1967,1032,2,5,49,551,Weekend
4020332650,2016-05-09,4556,2785,3,5,173,1225,Weekday
3977333714,2016-04-02,7618,1490,0,6,302,842,Weekend
8792009665,2016-04-03,7238,2667,2,6,279,636,Weekend
7086361926,2016-04-03,1949,1794,3,6,27,1404,Weekend
4445114986,2016-04-05,4239,2217,1,6,235,702,Weekday
7007744171,2016-04-05,12084,2676,50,6,284,1030,Weekday
6391747486,2016-04-05,9766,2442,0,6,301,1133,Weekday
8378563200,2016-04-06,9124,3798,55,6,230,728,Weekday
8053475328,2016-04-07,17078,3176,101,6,190,1143,Weekday
8053475328,2016-04-08,11693,2790,60,6,153,1221,Weekday
2347167796,2016-04-08,10209,2104,2,6,316,711,Weekday
4319703577,2016-04-08,6544,2069,4,6,276,1132,Weekday
8053475328,2016-04-09,11159,2715,59,6,120,1255,Weekend
7007744171,2016-04-09,10345,2613,2,6,358,1074,Weekend
7086361926,2016-04-12,11317,2772,59,6,153,745,Weekday
7007744171,2016-04-14,11179,2668,34,6,304,1096,Weekday
6117666160,2016-04-15,14019,2865,0,6,513,921,Weekday
4057192912,2016-04-15,3984,1527,3,6,88,873,Weekday
8053475328,2016-04-16,14549,2867,96,6,83,1255,Weekend
2873212765,2016-04-18,7762,1890,1,6,311,1122,Weekday
8053475328,2016-04-18,17076,3133,102,6,195,1137,Weekday
4445114986,2016-04-18,6155,2248,25,6,162,1247,Weekday
7086361926,2016-04-21,9469,2463,19,6,206,758,Weekday
8053475328,2016-04-21,16057,3103,100,6,170,1164,Weekday
8877689391,2016-04-23,11200,3891,102,6,300,1032,Weekend
1927972279,2016-04-24,2090,2324,1,6,75,1358,Weekend
8583815059,2016-04-25,4503,2547,18,6,122,1294,Weekday
7086361926,2016-04-27,11107,2693,55,6,145,829,Weekday
2320127002,2016-05-02,3634,1613,5,6,123,1306,Weekday
1624580081,2016-05-02,7155,1497,7,6,166,1261,Weekday
2873212765,2016-05-03,7412,1906,1,6,363,1070,Weekday
4445114986,2016-05-05,3800,2120,2,6,185,734,Weekday
1644430081,2016-05-06,9787,3328,11,6,369,1054,Weekday
1503960366,2016-05-06,12159,1896,24,6,289,754,Weekday
1644430081,2016-05-09,6643,3008,32,6,303,1099,Weekday
8378563200,2016-05-12,4561,1976,8,6,102,433,Weekday
5553957443,2016-05-12,3121,741,8,6,48,222,Weekday
4057192912,2016-03-14,8433,2453,30,7,135,1268,Weekday
4057192912,2016-03-23,7239,2484,7,7,190,1236,Weekday
7007744171,2016-04-01,11680,2573,50,7,244,1139,Weekday
4558609924,2016-04-03,6176,1901,1,7,269,886,Weekend
3372868164,2016-04-04,5861,1878,20,7,233,1180,Weekday
4020332650,2016-04-10,5129,2817,5,7,176,1178,Weekend
4057192912,2016-04-10,3434,2101,1,7,108,1324,Weekend
6962181067,2016-04-10,10148,2100,19,7,306,679,Weekend
1624580081,2016-04-10,3910,1555,7,7,186,1240,Weekend
8877689391,2016-04-11,10622,2820,18,7,225,1190,Weekday
8583815059,2016-04-12,5014,2650,0,7,196,1237,Weekday
8877689391,2016-04-12,23186,3921,85,7,312,1036,Weekday
4558609924,2016-04-13,4978,1722,19,7,127,1287,Weekday
2347167796,2016-04-17,5472,1882,1,7,249,508,Weekend
2320127002,2016-04-18,6559,1905,0,7,260,1173,Weekday
3372868164,2016-04-18,6798,2014,20,7,343,1070,Weekday
1624580081,2016-04-18,10536,1604,17,7,202,1214,Weekday
8053475328,2016-04-19,15929,3114,90,7,191,1152,Weekday
2347167796,2016-04-19,6711,2346,0,7,382,648,Weekday
2022484408,2016-04-19,11548,2489,31,7,250,1152,Weekday
3372868164,2016-04-24,6731,1921,14,7,292,1127,Weekend
6117666160,2016-04-26,9543,2450,0,7,352,1077,Weekday
6962181067,2016-04-26,10433,2012,36,7,254,680,Weekday
2873212765,2016-04-28,7913,1835,28,7,213,1192,Weekday
8378563200,2016-04-29,6175,2982,3,7,172,767,Weekday
1844505072,2016-05-01,2573,1541,0,7,75,585,Weekend
2873212765,2016-05-02,7525,1878,0,7,334,1099,Weekday
1644430081,2016-05-02,3758,2580,1,7,148,682,Weekday
8053475328,2016-05-11,12209,2809,60,7,184,1189,Weekday
6962181067,2016-05-11,6722,1855,24,7,199,709,Weekday
4319703577,2016-03-29,5643,1958,3,8,199,683,Weekday
8792009665,2016-04-01,4592,2260,4,8,176,748,Weekday
5553957443,2016-04-04,8921,1892,27,8,198,754,Weekday
8053475328,2016-04-05,17167,3167,98,8,184,1150,Weekday
7007744171,2016-04-06,13513,2811,64,8,270,1098,Weekday
4020332650,2016-04-07,6581,3032,0,8,241,1191,Weekday
8792009665,2016-04-08,1467,1953,2,8,71,912,Weekday
2873212765,2016-04-09,14103,2257,46,8,288,1098,Weekend
2873212765,2016-04-10,5290,1724,1,8,251,1180,Weekend
3977333714,2016-04-10,3573,1232,15,8,99,866,Weekend
8053475328,2016-04-11,16064,3097,96,8,155,1181,Weekday
8053475328,2016-04-12,18060,3186,116,8,123,1193,Weekday
2026352035,2016-04-12,4414,1459,3,8,181,706,Weekday
7007744171,2016-04-12,14172,2937,53,8,355,1024,Weekday
3372868164,2016-04-13,9715,2093,16,8,371,1045,Weekday
2873212765,2016-04-13,7618,2004,0,8,404,1028,Weekday
8053475328,2016-04-15,20669,3410,132,8,158,1142,Weekday
4702921684,2016-04-15,6506,2896,1,8,256,944,Weekday
2873212765,2016-04-17,2524,1529,0,8,160,1272,Weekend
1844505072,2016-04-17,4525,1793,2,8,199,1231,Weekend
4388161847,2016-04-18,11009,3274,27,8,239,1017,Weekday
4702921684,2016-04-19,6708,2812,10,8,179,757,Weekday
8378563200,2016-04-20,9388,3787,82,8,169,763,Weekday
1503960366,2016-04-21,9819,1775,19,8,211,838,Weekday
4388161847,2016-04-24,10243,2885,14,8,239,584,Weekend
8792009665,2016-04-24,400,1799,3,8,19,1410,Weekend
2022484408,2016-04-25,11369,2470,44,8,217,1171,Weekday
4319703577,2016-04-25,9259,2314,0,8,390,544,Weekday
8877689391,2016-04-25,12986,3802,113,8,218,1101,Weekday
4702921684,2016-04-26,6108,2784,1,8,216,765,Weekday
8877689391,2016-04-27,23629,3808,93,8,235,1104,Weekday
6962181067,2016-04-28,12627,2182,38,8,288,621,Weekday
4319703577,2016-04-28,10817,2367,13,8,359,552,Weekday
3977333714,2016-04-28,7114,1407,15,8,190,804,Weekday
8877689391,2016-04-28,14890,3060,58,8,231,1143,Weekday
8053475328,2016-04-29,12315,2794,58,8,159,1215,Weekday
2022484408,2016-05-02,10379,2473,36,8,277,1119,Weekday
1927972279,2016-05-02,3790,2505,16,8,94,1322,Weekday
5577150313,2016-05-03,11045,3795,97,8,212,580,Weekday
8053475328,2016-05-04,14581,2918,89,8,123,1220,Weekday
8877689391,2016-05-04,18193,3477,66,8,212,1154,Weekday
4558609924,2016-05-05,10611,2262,14,8,370,1048,Weekday
4445114986,2016-05-08,7303,2423,0,8,308,733,Weekend
5553957443,2016-05-08,6083,1762,3,8,210,505,Weekend
1503960366,2016-05-08,10060,1740,44,8,203,574,Weekend
4020332650,2016-05-11,3689,2645,2,8,134,1296,Weekday
6962181067,2016-05-12,3587,928,0,8,105,127,Weekday
4702921684,2016-04-01,7165,2923,0,9,248,708,Weekday
1844505072,2016-04-01,6847,1969,9,9,251,1171,Weekday
8792009665,2016-04-04,3821,2229,0,9,161,675,Weekday
2347167796,2016-04-05,10114,2096,18,9,269,696,Weekday
3372868164,2016-04-07,7392,2038,14,9,332,1085,Weekday
1927972279,2016-04-09,2523,2443,0,9,134,1250,Weekend
8877689391,2016-04-09,16470,3841,90,9,289,1052,Weekend
2320127002,2016-04-12,10725,2124,13,9,306,1112,Weekday
1927972279,2016-04-14,2163,2383,0,9,88,1292,Weekday
4319703577,2016-04-14,10210,2302,1,9,339,589,Weekday
2022484408,2016-04-15,11034,2525,27,9,282,1122,Weekday
4388161847,2016-04-16,6580,3073,6,9,253,609,Weekend
4319703577,2016-04-18,2276,1632,1,9,58,824,Weekday
4558609924,2016-04-19,5401,1876,1,9,248,1182,Weekday
3372868164,2016-04-21,8857,2124,18,9,376,1037,Weekday
3977333714,2016-04-25,11177,1570,50,9,133,781,Weekday
8053475328,2016-04-25,20500,3403,118,9,209,1104,Weekday
2347167796,2016-04-27,11423,2194,26,9,295,623,Weekday
4702921684,2016-04-28,9023,3033,14,9,232,738,Weekday
4388161847,2016-04-28,10074,2969,19,9,234,878,Weekday
8053475328,2016-04-28,15447,3062,90,9,153,1188,Weekday
6775888955,2016-04-30,2503,2280,3,9,84,1344,Weekend
5553957443,2016-05-02,9769,1996,23,9,227,724,Weekday
5577150313,2016-05-04,5206,2755,25,9,141,631,Weekday
8053475328,2016-05-05,14990,2950,93,9,130,1208,Weekday
5553957443,2016-05-06,9632,1916,21,9,229,761,Weekday
4020332650,2016-03-15,5906,3016,0,10,215,874,Weekday
8792009665,2016-04-05,2332,2100,1,10,111,904,Weekday
8378563200,2016-04-08,8350,3713,72,10,167,868,Weekday
3372868164,2016-04-09,8827,2062,21,10,346,1063,Weekend
1503960366,2016-04-16,12669,1863,36,10,221,773,Weekend
8378563200,2016-04-18,13630,4157,117,10,174,720,Weekday
8583815059,2016-04-19,5697,2668,7,10,166,1257,Weekday
6117666160,2016-04-20,10449,2536,26,10,349,587,Weekday
8792009665,2016-04-20,3147,2188,0,10,139,744,Weekday
2873212765,2016-04-21,8859,1970,2,10,371,1057,Weekday
2320127002,2016-04-21,3404,1610,1,10,127,1302,Weekday
2022484408,2016-04-22,12954,2638,52,10,273,1105,Weekday
8378563200,2016-04-23,5709,2908,19,10,136,740,Weekend
4558609924,2016-04-25,8095,2225,18,10,340,993,Weekday
3977333714,2016-04-27,7193,1377,0,10,176,714,Weekday
8053475328,2016-04-27,12422,2852,60,10,183,1187,Weekday
8378563200,2016-04-28,5417,2884,11,10,139,711,Weekday
8378563200,2016-05-01,11419,3369,71,10,127,669,Weekend
2320127002,2016-05-03,7443,1878,20,10,206,1204,Weekday
4558609924,2016-05-03,5267,1953,21,10,237,1172,Weekday
8378563200,2016-05-04,7875,3110,19,10,167,680,Weekday
8053475328,2016-05-10,14810,2926,96,10,115,1219,Weekday
8378563200,2016-05-11,9143,3788,72,10,184,763,Weekday
1927972279,2016-04-01,4317,2590,0,11,192,854,Weekday
1503960366,2016-04-02,11248,1843,40,11,244,636,Weekend
6117666160,2016-04-04,8468,2262,2,11,279,1148,Weekday
8877689391,2016-04-07,10910,2947,32,11,212,1185,Weekday
4319703577,2016-04-07,9130,2236,7,11,304,668,Weekday
5577150313,2016-04-07,4499,2775,31,11,146,756,Weekday
8378563200,2016-04-07,9725,3839,83,11,181,670,Weekday
2320127002,2016-04-09,4863,1772,1,11,208,1220,Weekend
5577150313,2016-04-13,5077,2551,15,11,144,776,Weekday
8253242879,2016-04-13,8053,1935,35,11,96,1298,Weekday
1503960366,2016-04-14,10460,1776,30,11,181,1218,Weekday
2022484408,2016-04-16,10100,2177,41,11,151,1237,Weekend
2320127002,2016-04-19,5997,1811,0,11,228,1201,Weekday
2320127002,2016-04-20,7192,1922,0,11,283,1146,Weekday
5553957443,2016-04-25,10946,2033,51,11,201,732,Weekday
2347167796,2016-04-25,9482,2095,15,11,277,653,Weekday
1503960366,2016-04-27,18134,2159,78,11,243,1108,Weekday
4558609924,2016-04-28,9451,2185,1,11,367,985,Weekday
4020332650,2016-05-02,475,2207,0,11,31,1350,Weekday
4319703577,2016-05-02,9261,2270,0,11,344,585,Weekday
2320127002,2016-05-05,5202,1780,0,11,223,1206,Weekday
4319703577,2016-05-06,9524,2266,6,11,314,692,Weekday
2873212765,2016-05-07,4940,1897,75,11,52,1302,Weekend
1503960366,2016-05-09,12022,1819,46,11,206,835,Weekday
5577150313,2016-05-09,3421,2489,34,11,70,1099,Weekday
8877689391,2016-05-10,10733,2832,18,11,224,1187,Weekday
1503960366,2016-03-25,11004,1819,33,12,205,804,Weekday
4319703577,2016-03-30,9043,2141,4,12,244,702,Weekday
1503960366,2016-03-31,12256,1889,33,12,239,820,Weekday
5553957443,2016-04-01,12409,2142,51,12,235,782,Weekday
1503960366,2016-04-06,11974,1861,27,12,228,1173,Weekday
4558609924,2016-04-07,7998,2235,27,12,296,1105,Weekday
2022484408,2016-04-08,13023,2577,40,12,296,1092,Weekday
4020332650,2016-04-09,7734,3264,20,12,223,1185,Weekend
7007744171,2016-04-10,10146,2700,1,12,397,1030,Weekend
8053475328,2016-04-13,16433,3140,95,12,156,1177,Weekday
4558609924,2016-04-16,7289,1997,8,12,308,1112,Weekend
6290855005,2016-04-17,7851,3171,31,12,225,1172,Weekend
1844505072,2016-04-18,4597,1814,0,12,217,1211,Weekday
1503960366,2016-04-20,10544,1786,28,12,205,818,Weekday
4388161847,2016-04-21,10055,3069,7,12,272,853,Weekday
3977333714,2016-04-22,8911,1481,33,12,188,731,Weekday
8378563200,2016-04-22,12200,4044,113,12,159,769,Weekday
7007744171,2016-04-27,13541,2830,50,12,337,1041,Weekday
1503960366,2016-04-29,11181,1837,16,12,243,815,Weekday
8877689391,2016-05-01,10930,2786,36,12,166,1226,Weekend
7086361926,2016-05-04,10988,2655,45,12,135,843,Weekday
1644430081,2016-05-05,4363,2463,6,12,81,1341,Weekday
8053475328,2016-05-09,12465,2765,66,12,148,1214,Weekday
4702921684,2016-05-09,8232,2990,0,12,253,746,Weekday
4319703577,2016-05-10,9487,2260,3,12,329,555,Weekday
8877689391,2016-05-11,21420,3832,88,12,213,1127,Weekday
1503960366,2016-03-30,10970,1820,30,13,223,1174,Weekday
4702921684,2016-03-30,7583,2915,3,13,227,742,Weekday
8378563200,2016-04-03,9152,3304,25,13,243,600,Weekend
8253242879,2016-04-08,12026,2162,47,13,150,1230,Weekday
1503960366,2016-04-10,10057,1755,44,13,168,737,Weekend
2347167796,2016-04-12,10113,2344,28,13,320,964,Weekday
1503960366,2016-04-12,13162,1985,25,13,328,728,Weekday
5553957443,2016-04-12,11596,2026,19,13,277,767,Weekday
8877689391,2016-04-14,21129,3793,68,13,298,1061,Weekday
1644430081,2016-04-17,8757,3011,29,13,186,1212,Weekend
6962181067,2016-04-17,10145,2027,5,13,295,634,Weekend
8877689391,2016-04-19,18785,3676,82,13,214,1131,Weekday
7086361926,2016-04-20,14365,2997,87,13,145,797,Weekday
8877689391,2016-04-21,19377,3659,82,13,226,1119,Weekday
1844505072,2016-04-21,8054,2062,2,13,308,1117,Weekday
6775888955,2016-04-25,6474,2484,33,13,92,1302,Weekday
3372868164,2016-04-27,7904,2095,24,13,346,1057,Weekday
5553957443,2016-04-28,11393,1999,49,13,165,727,Weekday
6775888955,2016-04-28,703,1993,2,13,15,1410,Weekday
4319703577,2016-05-04,10429,2282,8,13,313,1106,Weekday
7007744171,2016-05-06,11459,2553,44,13,247,1136,Weekday
8378563200,2016-05-09,8382,3721,71,13,171,772,Weekday
8378563200,2016-05-10,6582,3586,63,13,152,840,Weekday
4020332650,2016-03-16,12483,3830,25,14,309,599,Weekday
4319703577,2016-04-05,8359,2201,3,14,311,638,Weekday
4558609924,2016-04-05,6799,1876,24,14,185,1217,Weekday
6962181067,2016-04-06,12480,2170,55,14,276,593,Weekday
7086361926,2016-04-06,7352,2233,19,14,124,814,Weekday
8053475328,2016-04-06,16435,3122,100,14,191,1135,Weekday
1503960366,2016-04-11,10990,1811,26,14,216,855,Weekday
2022484408,2016-04-12,11875,2390,42,14,227,1157,Weekday
6962181067,2016-04-12,10199,1994,50,14,189,796,Weekday
4388161847,2016-04-13,10993,3092,1,14,150,1275,Weekday
8378563200,2016-04-13,12386,4079,116,14,169,680,Weekday
8053475328,2016-04-23,22359,3554,125,14,223,741,Weekend
1503960366,2016-04-25,15355,2013,73,14,216,814,Weekday
8253242879,2016-04-26,4562,1813,19,14,108,1299,Weekday
4558609924,2016-04-27,9557,2098,27,14,312,1087,Weekday
8253242879,2016-04-29,6260,1854,16,14,136,1257,Weekday
8792009665,2016-04-29,8360,3101,6,14,380,634,Weekday
7007744171,2016-05-02,13041,2642,64,14,250,1112,Weekday
2022484408,2016-05-03,12183,2752,72,14,250,1104,Weekday
7086361926,2016-05-05,8564,2386,24,14,149,1253,Weekday
8053475328,2016-05-08,22026,3589,125,14,228,1073,Weekend
6962181067,2016-05-08,4188,1659,0,14,151,709,Weekend
4319703577,2016-05-09,10378,2345,2,14,374,490,Weekday
4388161847,2016-05-10,10299,3061,13,14,267,648,Weekday
4020332650,2016-04-02,4299,2892,3,15,162,752,Weekend
2873212765,2016-04-03,7640,1845,3,15,315,1107,Weekend
8378563200,2016-04-05,12846,4128,113,15,189,686,Weekday
8583815059,2016-04-05,6835,2786,5,15,212,1208,Weekday
8253242879,2016-04-07,5181,1776,15,15,107,1303,Weekday
4702921684,2016-04-08,8184,2981,0,15,247,808,Weekday
1503960366,2016-04-09,12432,1883,32,15,248,738,Weekend
4020332650,2016-04-12,8539,3654,4,15,331,712,Weekday
8378563200,2016-04-12,7626,3635,65,15,156,723,Weekday
4319703577,2016-04-13,8204,2135,8,15,96,1234,Weekday
6117666160,2016-04-16,14450,2828,7,15,518,502,Weekend
8877689391,2016-04-17,15118,3545,58,15,307,1060,Weekend
4558609924,2016-04-18,8940,2116,14,15,331,1080,Weekday
1644430081,2016-04-23,6637,2677,0,15,160,1265,Weekend
4702921684,2016-04-25,9167,3064,6,15,270,730,Weekday
5553957443,2016-04-29,12764,2169,46,15,270,709,Weekday
6962181067,2016-04-29,10762,2254,12,15,369,645,Weekday
4388161847,2016-05-01,10255,2926,12,15,241,579,Weekend
7086361926,2016-05-01,12390,2730,30,15,258,685,Weekend
1503960366,2016-05-02,14727,2004,41,15,277,798,Weekday
4702921684,2016-05-04,8161,3004,4,15,251,757,Weekday
8877689391,2016-05-05,14055,3052,67,15,188,1170,Weekday
8053475328,2016-05-06,13953,2859,90,15,90,1245,Weekday
5577150313,2016-05-11,4038,1665,45,15,63,257,Weekday
1644430081,2016-04-01,4636,3323,0,16,586,838,Weekday
2022484408,2016-04-01,13603,2645,72,16,213,1139,Weekday
7007744171,2016-04-02,10976,2575,9,16,271,1075,Weekend
2347167796,2016-04-02,15459,2438,51,16,327,583,Weekend
1644430081,2016-04-03,12912,3436,59,16,283,1082,Weekend
8877689391,2016-04-04,20779,3662,78,16,208,1138,Weekday
8378563200,2016-04-04,13935,4234,105,16,220,658,Weekday
4702921684,2016-04-05,6670,2848,15,16,199,770,Weekday
8877689391,2016-04-06,24136,4039,87,16,318,1019,Weekday
6962181067,2016-04-07,13417,2244,45,16,284,665,Weekday
2022484408,2016-04-09,16267,2811,44,16,302,1078,Weekend
2022484408,2016-04-11,10106,2568,41,16,272,1111,Weekday
5577150313,2016-04-12,8135,3405,86,16,140,728,Weekday
1644430081,2016-04-13,8001,2902,30,16,135,1259,Weekday
8253242879,2016-04-14,5234,1705,29,16,33,1362,Weekday
1503960366,2016-04-18,13019,1921,42,16,233,1149,Weekday
8253242879,2016-04-18,5151,1829,16,16,130,1278,Weekday
2347167796,2016-04-18,8247,1944,11,16,206,678,Weekday
4388161847,2016-04-19,10181,3015,20,16,249,704,Weekday
5577150313,2016-04-20,8330,3192,87,16,113,773,Weekday
8378563200,2016-04-21,15148,4236,137,16,145,677,Weekday
5553957443,2016-04-22,11682,2105,25,16,270,781,Weekday
8378563200,2016-04-25,12405,4005,117,16,141,692,Weekday
5553957443,2016-04-27,10538,1922,16,16,206,745,Weekday
5577150313,2016-04-27,6805,3294,63,16,190,773,Weekday
4702921684,2016-04-27,7047,2908,1,16,238,733,Weekday
8253242879,2016-04-28,2718,1580,11,16,20,1393,Weekday
7007744171,2016-04-28,15128,2836,16,16,401,1007,Weekday
4388161847,2016-04-29,9232,2979,13,16,236,1175,Weekday
6962181067,2016-04-30,10081,2002,32,16,237,731,Weekend
4702921684,2016-05-06,6943,2859,1,16,207,682,Weekday
5577150313,2016-05-06,4950,2643,41,16,79,1304,Weekday
4558609924,2016-05-07,8237,1973,23,16,233,1116,Weekend
2022484408,2016-05-12,9117,1853,16,16,236,728,Weekday
1503960366,2016-03-26,17609,2154,89,17,274,588,Weekend
4319703577,2016-03-31,8144,2129,4,17,247,1125,Weekday
4020332650,2016-04-01,5351,3338,15,17,210,748,Weekday
8877689391,2016-04-03,15260,3864,106,17,259,1058,Weekend
6775888955,2016-04-03,1577,1977,1,17,8,1414,Weekend
6962181067,2016-04-05,12010,2158,38,17,287,692,Weekday
2873212765,2016-04-07,9353,2035,5,17,363,1055,Weekday
8378563200,2016-04-11,8837,3775,74,17,182,811,Weekday
5577150313,2016-04-11,2862,1511,39,17,54,209,Weekday
7007744171,2016-04-19,14194,2812,53,17,304,1066,Weekday
7086361926,2016-04-30,14560,2995,42,17,308,584,Weekend
2022484408,2016-05-06,10227,2498,24,17,295,1104,Weekday
8877689391,2016-05-06,21727,4015,96,17,232,1095,Weekday
1644430081,2016-05-07,13372,3404,41,17,243,1139,Weekend
1503960366,2016-04-04,14557,2030,43,18,285,757,Weekday
1503960366,2016-04-05,14844,2083,36,18,341,736,Weekday
5577150313,2016-04-05,8964,3597,107,18,145,756,Weekday
8053475328,2016-04-10,10118,2684,30,18,207,1185,Weekend
6775888955,2016-04-13,4053,2400,17,18,85,1053,Weekday
8877689391,2016-04-13,15337,3566,108,18,216,1098,Weekday
4020332650,2016-04-15,1882,2951,36,18,87,1299,Weekday
6775888955,2016-04-16,4732,2225,36,18,9,1377,Weekend
4319703577,2016-04-20,8954,2220,0,18,306,671,Weekday
8253242879,2016-04-20,6466,1931,5,18,216,1201,Weekday
8583815059,2016-04-21,8538,2883,35,18,158,1229,Weekday
1624580081,2016-04-24,6076,1617,16,18,185,1221,Weekend
6775888955,2016-04-24,2153,2053,11,18,11,1400,Weekend
5553957443,2016-04-26,11886,2093,40,18,238,750,Weekday
8378563200,2016-04-26,16208,3763,90,18,161,593,Weekday
4319703577,2016-04-29,7990,2175,6,18,289,624,Weekday
2873212765,2016-05-01,7399,1739,7,18,196,1219,Weekend
4388161847,2016-05-03,12727,3290,18,18,306,984,Weekday
4558609924,2016-05-10,6435,1889,11,18,220,1191,Weekday
4388161847,2016-05-11,10201,2954,8,18,256,858,Weekday
4319703577,2016-05-11,9129,2232,3,18,311,574,Weekday
8053475328,2016-04-02,20188,3377,124,19,172,1125,Weekend
2022484408,2016-04-04,15313,2581,62,19,233,1126,Weekday
5577150313,2016-04-04,7401,3492,70,19,204,689,Weekday
4020332650,2016-04-05,6880,2966,7,19,165,1249,Weekday
6962181067,2016-04-09,12495,2231,33,19,324,609,Weekend
3977333714,2016-04-12,8856,1450,44,19,131,777,Weekday
1503960366,2016-04-13,10735,1797,21,19,217,776,Weekday
4558609924,2016-04-17,9634,2117,7,19,304,1110,Weekend
8378563200,2016-04-19,13070,4092,120,19,154,737,Weekday
8877689391,2016-04-20,19948,3679,73,19,225,1123,Weekday
6117666160,2016-04-21,19542,4900,11,19,294,579,Weekday
4319703577,2016-04-22,4500,1886,1,19,176,709,Weekday
4702921684,2016-04-29,9930,3165,12,19,267,692,Weekday
8877689391,2016-05-09,20226,3710,73,19,217,1131,Weekday
4388161847,2016-05-09,10218,3013,6,19,258,1020,Weekday
1644430081,2016-05-10,9167,2799,12,19,155,1254,Weekday
1503960366,2016-03-28,13231,1932,39,20,224,1080,Weekday
4319703577,2016-04-01,9343,2216,14,20,268,654,Weekday
6962181067,2016-04-04,18952,2437,73,20,327,570,Weekday
1503960366,2016-04-07,10198,1755,17,20,195,1208,Weekday
1503960366,2016-04-17,9705,1728,38,20,164,539,Weekend
8253242879,2016-04-21,11268,2218,49,20,172,1199,Weekday
8792009665,2016-04-22,4068,2419,1,20,195,817,Weekday
2022484408,2016-04-27,10159,2463,19,20,282,1119,Weekday
2022484408,2016-04-28,10140,2296,6,20,291,1123,Weekday
8792009665,2016-04-30,7174,2896,10,20,301,749,Weekend
2873212765,2016-04-30,8452,1830,5,20,248,1167,Weekend
5577150313,2016-05-02,7439,3014,37,20,235,732,Weekday
8378563200,2016-05-03,8712,3784,71,20,195,822,Weekday
2022484408,2016-05-05,11895,2609,55,20,253,1112,Weekday
8053475328,2016-05-07,19769,3331,121,20,148,1076,Weekend
8378563200,2016-04-01,14179,3669,73,21,195,719,Weekday
1503960366,2016-04-01,12262,1868,47,21,200,866,Weekday
7007744171,2016-04-04,15266,2886,70,21,292,1057,Weekday
2873212765,2016-04-12,8796,1982,2,21,356,1061,Weekday
8378563200,2016-04-14,13318,4163,123,21,174,699,Weekday
7086361926,2016-04-15,8585,2395,30,21,139,864,Weekday
8378563200,2016-04-16,11207,3363,64,21,142,563,Weekend
4020332650,2016-04-16,1982,3051,65,21,55,1222,Weekend
8053475328,2016-04-17,18827,3213,111,21,195,1113,Weekend
4558609924,2016-04-21,13743,2486,6,21,432,844,Weekday
1503960366,2016-04-23,14371,1949,41,21,262,732,Weekend
4319703577,2016-04-26,9899,2236,8,21,288,649,Weekday
4388161847,2016-05-04,12375,3162,35,21,251,632,Weekday
5577150313,2016-05-05,7550,3004,45,21,143,1153,Weekday
6962181067,2016-05-09,12342,2105,43,21,231,607,Weekday
3977333714,2016-04-03,11508,1630,29,22,282,748,Weekend
2022484408,2016-04-03,11144,2395,25,22,279,1114,Weekend
7007744171,2016-04-08,12627,2871,54,22,301,1063,Weekday
1503960366,2016-04-08,12521,1895,46,22,212,1160,Weekday
7086361926,2016-04-11,6242,2543,46,22,126,741,Weekday
7007744171,2016-04-13,12862,2742,56,22,261,1101,Weekday
1624580081,2016-04-17,6175,1554,15,22,127,1276,Weekend
8583815059,2016-04-18,3864,2536,4,22,105,1309,Weekday
7007744171,2016-04-26,15090,2939,16,22,424,978,Weekday
8053475328,2016-05-03,15484,3023,87,22,165,1166,Weekday
1503960366,2016-05-04,11100,1819,36,22,203,1179,Weekday
6962181067,2016-05-05,10524,2066,14,22,305,591,Weekday
8583815059,2016-05-06,5843,2683,2,22,166,1250,Weekday
5553957443,2016-05-09,11611,2272,59,22,251,667,Weekday
4445114986,2016-05-11,9105,2499,34,22,232,622,Weekday
2022484408,2016-04-10,10005,2458,1,23,339,1077,Weekend
8583815059,2016-04-13,5571,2654,2,23,163,1252,Weekday
3977333714,2016-04-14,7641,1433,5,23,214,801,Weekday
8378563200,2016-04-15,14461,3666,60,23,190,729,Weekday
5577150313,2016-04-19,12574,3501,108,23,111,733,Weekday
1503960366,2016-04-26,13755,1970,31,23,279,833,Weekday
4388161847,2016-04-26,9461,2929,14,23,224,673,Weekday
2873212765,2016-04-29,7365,1780,20,23,206,1191,Weekday
2022484408,2016-04-30,18387,2732,13,23,361,1043,Weekend
1624580081,2016-04-30,6474,1655,11,23,224,1182,Weekend
7007744171,2016-05-05,15010,2933,53,23,317,1047,Weekday
2873212765,2016-05-05,8314,1971,13,23,311,1093,Weekday
7086361926,2016-05-10,14433,2800,72,23,106,1182,Weekday
1503960366,2016-05-11,12770,1783,36,23,251,669,Weekday
8792009665,2016-04-02,8452,3004,9,24,328,1079,Weekend
6962181067,2016-04-02,12437,2115,50,24,219,732,Weekend
8877689391,2016-04-02,27572,4220,116,24,260,1040,Weekend
2873212765,2016-04-04,9713,2046,6,24,355,1055,Weekday
7086361926,2016-04-04,6101,2421,31,24,138,1247,Weekday
5553957443,2016-04-08,9938,2019,38,24,193,767,Weekday
6962181067,2016-04-13,5652,1718,8,24,142,548,Weekday
6775888955,2016-04-14,5162,2507,14,24,105,863,Weekday
2347167796,2016-04-15,10465,2133,1,24,284,720,Weekday
4702921684,2016-04-16,11140,3328,3,24,335,556,Weekend
6775888955,2016-04-17,2497,2067,5,24,19,1392,Weekend
5577150313,2016-04-23,7638,3152,24,24,223,627,Weekend
7007744171,2016-04-25,18229,3055,51,24,379,986,Weekday
2022484408,2016-04-26,10119,2793,55,24,275,1086,Weekday
1644430081,2016-05-01,6132,2696,3,24,146,908,Weekend
1503960366,2016-05-03,15103,1990,50,24,254,816,Weekday
1503960366,2016-05-05,14070,1959,45,24,250,857,Weekday
2347167796,2016-04-04,10254,2099,21,25,231,638,Weekday
5553957443,2016-04-10,5594,1712,4,25,150,552,Weekend
4702921684,2016-04-10,11135,3224,1,25,331,528,Weekend
3372868164,2016-04-14,8844,2065,6,25,370,1039,Weekday
4388161847,2016-04-22,12139,3544,77,25,220,945,Weekday
4558609924,2016-04-22,9601,2094,20,25,273,1122,Weekday
7007744171,2016-04-23,8093,2284,2,25,223,1190,Weekend
2022484408,2016-05-11,13272,2544,58,25,224,1133,Weekday
5553957443,2016-04-05,11306,2086,40,26,218,772,Weekday
7086361926,2016-04-13,5813,2516,31,26,155,744,Weekday
2347167796,2016-04-21,10080,2048,23,26,208,761,Weekday
8253242879,2016-04-23,9282,2132,30,26,191,1193,Weekend
2022484408,2016-04-24,13481,2529,37,26,216,1161,Weekend
7086361926,2016-05-02,10052,2754,66,26,139,737,Weekday
4319703577,2016-05-03,9648,2235,8,26,287,669,Weekday
5577150313,2016-04-03,9917,3427,58,27,240,700,Weekend
4702921684,2016-04-04,7810,2931,6,27,216,746,Weekday
5553957443,2016-04-11,11906,2065,32,27,234,688,Weekday
7007744171,2016-04-11,12168,2871,18,27,375,1020,Weekday
8583815059,2016-04-20,5273,2647,0,27,167,1246,Weekday
6962181067,2016-04-21,11835,2179,53,27,214,708,Weekday
1503960366,2016-04-22,12764,1827,66,27,130,1217,Weekday
2347167796,2016-04-22,7804,1946,9,27,206,781,Weekday
2022484408,2016-05-04,11768,2649,36,27,272,1105,Weekday
7086361926,2016-05-08,10677,2534,32,27,147,695,Weekend
4057192912,2016-03-16,2139,1935,0,28,15,1397,Weekday
1503960366,2016-03-29,12041,1886,28,28,243,763,Weekday
4020332650,2016-04-04,6429,3118,0,28,193,741,Weekday
5553957443,2016-04-06,12252,2044,33,28,229,745,Weekday
8253242879,2016-04-09,5360,1832,8,28,148,1256,Weekend
5553957443,2016-04-19,15482,2284,69,28,249,756,Weekday
1503960366,2016-04-28,13154,1898,48,28,189,782,Weekday
8583815059,2016-04-28,6174,2757,0,28,203,1209,Weekday
8583815059,2016-04-30,10085,3164,2,28,317,1093,Weekend
2022484408,2016-05-01,10538,2380,25,28,245,1142,Weekend
4319703577,2016-05-07,7937,2158,3,28,279,586,Weekend
8877689391,2016-05-07,12332,4142,105,28,271,1036,Weekend
2022484408,2016-05-10,12798,2797,57,28,271,1084,Weekday
8877689391,2016-04-08,23014,4196,70,29,359,982,Weekday
8877689391,2016-04-16,29326,4547,94,29,429,888,Weekend
2022484408,2016-04-17,15112,2782,28,29,331,1052,Weekend
4702921684,2016-04-20,8793,3061,2,29,260,717,Weekday
4558609924,2016-04-29,7833,1918,15,29,197,1096,Weekday
4558609924,2016-04-30,10319,2105,7,29,293,1111,Weekend
5553957443,2016-05-03,12848,2116,26,29,247,812,Weekday
5553957443,2016-05-05,14331,2156,44,29,241,692,Weekday
7086361926,2016-04-01,11463,2496,38,30,154,777,Weekday
6117666160,2016-04-02,19658,2884,3,30,475,466,Weekend
1503960366,2016-04-03,10016,1850,15,30,314,655,Weekend
7086361926,2016-04-07,14604,2862,76,30,127,695,Weekday
6775888955,2016-04-08,4131,2584,27,30,75,1308,Weekday
5577150313,2016-04-14,8596,4022,118,30,176,662,Weekday
4558609924,2016-04-15,7795,2121,17,30,262,1131,Weekday
4702921684,2016-04-18,9105,3013,22,30,191,890,Weekday
5577150313,2016-04-22,9172,3329,62,30,200,823,Weekday
6775888955,2016-04-26,7091,2584,42,30,47,1321,Weekday
4558609924,2016-05-09,11451,2223,6,30,339,1065,Weekday
5577150313,2016-04-01,10461,3625,99,31,142,721,Weekday
7007744171,2016-04-03,16806,3086,104,31,230,1002,Weekend
6775888955,2016-04-18,8294,2798,30,31,146,1233,Weekday
7007744171,2016-04-18,14816,2832,48,31,284,1077,Weekday
1503960366,2016-04-19,15506,2035,50,31,264,775,Weekday
6962181067,2016-04-25,13239,2194,35,31,282,637,Weekday
4388161847,2016-04-25,12961,3288,11,31,301,1054,Weekday
7007744171,2016-05-03,14510,2976,58,31,330,1021,Weekday
1503960366,2016-05-10,12207,1859,46,31,214,746,Weekday
4558609924,2016-05-11,9108,2131,4,31,324,1081,Weekday
6962181067,2016-03-31,14097,2188,50,32,234,595,Weekday
4702921684,2016-04-02,10328,3323,0,32,367,475,Weekend
3977333714,2016-04-05,12303,1649,26,32,291,605,Weekday
2347167796,2016-04-07,10320,2338,15,32,315,1002,Weekday
2347167796,2016-04-09,16081,2488,16,32,401,970,Weekend
2347167796,2016-04-13,10352,2038,19,32,195,676,Weekday
7086361926,2016-04-14,9123,2734,35,32,189,787,Weekday
5577150313,2016-04-18,9893,3625,114,32,130,623,Weekday
5577150313,2016-04-26,5325,3088,38,32,181,759,Weekday
3977333714,2016-04-29,10645,1545,36,32,150,744,Weekday
4020332650,2016-03-31,7428,3439,18,33,261,860,Weekday
2347167796,2016-04-01,8328,1935,0,33,212,804,Weekday
7086361926,2016-04-05,7478,2439,25,33,132,1159,Weekday
7007744171,2016-04-07,14100,2840,61,33,265,1015,Weekday
1644430081,2016-04-18,7132,2806,15,33,121,1271,Weekday
7007744171,2016-04-20,15566,3096,60,33,347,1000,Weekday
6962181067,2016-04-22,10725,2086,30,33,240,659,Weekday
8053475328,2016-04-24,22988,3577,129,33,182,1096,Weekend
7086361926,2016-04-26,10387,2781,70,33,132,726,Weekday
1503960366,2016-04-15,9762,1745,29,34,209,726,Weekday
7007744171,2016-04-21,13744,2763,30,34,327,1049,Weekday
1503960366,2016-04-30,14673,1947,52,34,217,712,Weekend
6775888955,2016-05-01,2487,2319,9,34,50,1347,Weekend
4319703577,2016-05-05,13658,2530,27,34,328,957,Weekday
6962181067,2016-05-10,15448,2361,62,34,275,626,Weekday
2347167796,2016-03-30,10533,2187,21,35,255,615,Weekday
1644430081,2016-04-05,9921,3098,5,35,219,1181,Weekday
5577150313,2016-04-10,9776,3378,80,35,162,721,Weekend
4388161847,2016-04-14,8863,2998,10,35,219,945,Weekday
2347167796,2016-04-23,16901,2629,32,35,360,591,Weekend
1503960366,2016-05-01,10602,1820,33,35,246,730,Weekend
7086361926,2016-05-06,12461,2924,84,35,154,834,Weekday
6775888955,2016-05-06,4697,2496,12,35,75,1318,Weekday
4558609924,2016-05-08,6543,2666,66,35,238,1019,Weekend
5577150313,2016-04-02,14873,4430,202,36,153,663,Weekend
8053475328,2016-04-03,25701,3697,165,36,97,1142,Weekend
3977333714,2016-04-09,14583,1697,35,36,254,697,Weekend
1624580081,2016-04-27,8367,1670,17,36,154,1233,Weekday
7086361926,2016-04-29,7881,2616,24,36,182,1198,Weekday
5577150313,2016-04-29,7924,3544,97,36,165,739,Weekday
4702921684,2016-04-30,10144,3115,4,36,263,728,Weekend
6962181067,2016-05-03,12109,2072,21,36,267,654,Weekday
7086361926,2016-05-03,10288,2754,57,36,152,761,Weekday
6962181067,2016-05-04,10147,2086,15,36,284,683,Weekday
4319703577,2016-04-03,8223,2178,12,37,257,551,Weekend
2022484408,2016-04-05,10805,2735,36,37,298,1069,Weekday
4020332650,2016-04-08,10480,4034,6,37,272,1125,Weekday
6962181067,2016-04-08,14400,2188,27,37,276,697,Weekday
5577150313,2016-04-17,12231,4552,200,37,159,525,Weekend
5577150313,2016-05-10,8869,3841,104,37,194,639,Weekday
4702921684,2016-05-10,10613,3172,1,37,262,701,Weekday
6962181067,2016-04-11,12362,2188,21,38,297,678,Weekday
5553957443,2016-04-15,16556,2254,58,38,239,689,Weekday
5577150313,2016-04-25,6393,3374,61,38,214,743,Weekday
6962181067,2016-04-27,10320,2034,7,38,279,697,Weekday
4319703577,2016-04-30,8221,2092,6,38,196,695,Weekend
4388161847,2016-05-08,17298,3934,107,38,178,576,Weekend
1644430081,2016-04-06,8046,2925,18,41,137,1244,Weekday
5553957443,2016-04-14,17022,2324,61,41,256,693,Weekday
6962181067,2016-04-19,10742,2046,35,41,195,659,Weekday
4702921684,2016-04-21,6530,2729,4,41,144,901,Weekday
6962181067,2016-04-23,20031,2571,58,41,347,484,Weekend
4558609924,2016-04-26,9148,2223,12,41,283,1062,Weekday
1644430081,2016-04-26,9919,3123,11,41,223,1165,Weekday
3977333714,2016-05-03,14335,1710,47,41,258,594,Weekday
4702921684,2016-05-11,9810,3069,10,41,235,784,Weekday
2022484408,2016-04-06,15392,2733,47,42,258,1093,Weekday
3977333714,2016-04-15,9010,1468,15,42,183,644,Weekday
1644430081,2016-04-16,15300,3493,51,42,212,1135,Weekend
6962181067,2016-04-18,11404,2039,13,42,238,689,Weekday
4388161847,2016-04-20,10553,3083,19,42,228,696,Weekday
5553957443,2016-04-21,12346,2066,47,42,177,801,Weekday
7007744171,2016-04-29,20067,3180,55,42,382,961,Weekday
4020332650,2016-05-05,11728,3429,38,42,196,916,Weekday
7086361926,2016-05-07,12827,2739,20,42,209,621,Weekend
4020332650,2016-03-28,2106,4010,31,45,75,1289,Weekday
6962181067,2016-04-01,10467,2014,9,45,252,602,Weekday
3977333714,2016-04-06,15425,1783,24,45,331,614,Weekday
8792009665,2016-04-23,5245,2748,8,45,232,795,Weekend
5577150313,2016-04-30,12363,4501,207,45,163,621,Weekend
4388161847,2016-05-06,13175,3425,33,45,262,1100,Weekday
2347167796,2016-04-06,11107,2058,14,46,196,759,Weekday
8877689391,2016-04-10,28497,4526,128,46,211,1055,Weekend
3977333714,2016-04-13,10035,1495,31,46,153,754,Weekday
4020332650,2016-05-04,10252,3879,13,46,346,531,Weekday
4702921684,2016-05-07,14370,3683,5,46,439,577,Weekend
1503960366,2016-05-07,11992,1821,37,46,175,833,Weekend
6962181067,2016-04-03,12307,2055,14,51,218,589,Weekend
4319703577,2016-04-06,10946,2341,8,51,308,569,Weekday
1644430081,2016-04-12,10694,3199,2,51,256,1131,Weekday
8253242879,2016-04-16,9256,1880,6,51,115,1268,Weekend
7086361926,2016-04-18,9827,2743,61,51,114,1136,Weekday
5577150313,2016-04-28,9841,3580,99,51,141,692,Weekday
